#GBE_ID	GBE_NAME	GBE_N
BIN1210	Snoring	121976
BIN1677	Breastfed_as_a_baby	182993
BIN1920	Mood_swings	152281
BIN1930	Miserableness	145186
BIN1940	Irritability	93499
BIN1950	Sensitivity_/_hurt_feelings	185579
BIN1960	Fed-up_feelings	137983
BIN1970	Nervous_feelings	80130
BIN1980	Worrier_/_anxious_feelings	189905
BIN1990	Tense_/_'highly_strung'	57924
BIN2000	Worry_too_long_after_embarrassment	159129
BIN2010	Suffer_from_'nerves'	71815
BIN2020	Loneliness,_isolation	61278
BIN2030	Guilty_feelings	96693
BIN2040	Risk_taking	85684
BIN20401	Ever_addicted_to_any_substance_or_behaviour	6375
BIN20421	Ever_felt_worried,_tense,_or_anxious_for_most_of_a_month_or_longer	27254
BIN20437	Thoughts_of_death_during_worst_depression	30310
BIN20448	Professional_informed_about_depression	39803
BIN20480	Ever_self-harmed	4656
BIN20499	Ever_sought_or_received_professional_help_for_mental_distress	42759
BIN2090	Seen_doctor_(GP)_for_nerves,_anxiety,_tension_or_depression	117686
BIN21024	Ever_diagnosed_with_IBS	14944
BIN21027	Abdominal_discomfort/pain_for_6_months_or_longer	34102
BIN21035	Currently_(in_last_3_months)_suffer_from_abdominal_pain	35331
BIN21067	Long-term/recurrent_antibiotics_as_child_or_teenager	15835
BIN21068	Diagnosed_with_coeliac_disease_or_gluten_sensitivity	2294
BIN2207	Wears_glasses_or_contact_lenses	303964
BIN22126	Doctor_diagnosed_hayfever_or_allergic_rhinitis	19545
BIN22127	Doctor_diagnosed_asthma	10935
BIN22128	Doctor_diagnosed_emphysema	261
BIN22129	Doctor_diagnosed_chronic_bronchitis	969
BIN22130	Doctor_diagnosed_COPD_(chronic_obstructive_pulmonary_disease)	1272
BIN22133	Doctor_diagnosed_sarcoidosis	366
BIN22134	Doctor_diagnosed_bronchiectasis	760
BIN22137	Doctor_diagnosed_tuberculosis	442
BIN22140	Doctor_diagnosed_lung_cancer_(not_mesothelioma)	103
BIN22502	Cough_on_most_days	11783
BIN22504	Bring_up_phlegm/sputum/mucus_on_most_days	7240
BIN2415	Had_major_operations	101153
BIN3606	Chest_pain_or_discomfort_walking_normally	9257
BIN4598	Ever_depressed_for_a_whole_week	73606
BIN4631	Ever_unenthusiastic/disinterested_for_a_whole_week	48981
BIN4642	Ever_manic/hyper_for_2_days	7111
BIN4653	Ever_highly_irritable/argumentative_for_2_days	23386
BIN4728	Leg_pain_on_walking	31232
BIN5181	Ever_had_eye_surgery	7161
BIN_FC10001259	Smoking/smokers_in_household	31648
BIN_FC10001777	Part_of_a_multiple_birth	7389
BIN_FC10001787	Maternal_smoking_around_birth	89372
BIN_FC10001797	Father_still_alive	76107
BIN_FC10001835	Mother_still_alive	130983
BIN_FC100020544	Bulimia_nervosa_diagnosed_by__a_professional	330
BIN_FC10002159	Ever_had_same-sex_intercourse	10262
BIN_FC10002188	Long-standing_illness,_disability_or_infirmity	112250
BIN_FC10002227	Other_eye_problems	53162
BIN_FC10002257	Hearing_difficulty/problems_with_background_noise	131603
BIN_FC10002316	Wheeze_or_whistling_in_the_chest_in_last_year	71822
BIN_FC10002335	Chest_pain_or_discomfort	54512
BIN_FC10002345	Ever_had_bowel_cancer_screening	124431
BIN_FC10002365	Ever_had_prostate_specific_antigen_(PSA)_test	50725
BIN_FC10002443	Diabetes_diagnosed_by_doctor	17253
BIN_FC10002453	Cancer_diagnosed_by_doctor	29069
BIN_FC10002463	Fractured/broken_bones_in_last_5_years	35446
BIN_FC10002473	Other_serious_medical_condition/disability_diagnosed_by_doctor	71851
BIN_FC10002492	Taking_other_prescription_medications	166241
BIN_FC10002674	Ever_had_breast_cancer_screening_/_mammogram	150324
BIN_FC10002694	Ever_had_cervical_smear_test	177291
BIN_FC10002774	Ever_had_stillbirth,_spontaneous_miscarriage_or_termination	56531
BIN_FC10002784	Ever_taken_oral_contraceptive_pill	149560
BIN_FC10002814	Ever_used_hormone-replacement_therapy_(HRT)	72592
BIN_FC10002834	Bilateral_oophorectomy_(both_ovaries_removed)	15202
BIN_FC10002844	Had_other_major_operations	121899
BIN_FC10002907	Ever_stopped_smoking_for_6+_months	36497
BIN_FC10003393	Hearing_aid_user	12821
BIN_FC10003404	Neck/shoulder_pain_for_3+_months	55663
BIN_FC10003571	Back_pain_for_3+_months	61276
BIN_FC10003591	Ever_had_hysterectomy_(womb_removed)	14083
BIN_FC10003773	Knee_pain_for_3+_months	60257
BIN_FC10003799	Headaches_for_3+_months	31032
BIN_FC10004501	Non-accidental_death_in_close_genetic_family	37833
BIN_FC10004717	Shortness_of_breath_walking_on_level_ground	14101
BIN_FC10006152	Hayfever_allergic_rhinitis_or_eczema	80037
BIN_FC10006153	Oral_contraceptive_pill_or_minipill	4813
BIN_FC10006154	Ranitidine_use_self-reported	6956
BIN_FC10006155	Vitamin_D_vs_multivitamin	18008
BIN_FC10006157	Why_stopped_smoking_Illness	10316
BIN_FC10006179	Zinc_supplements	14411
BIN_FC1001747	Hair_colour_(natural,_before_greying)_blonde	38964
BIN_FC10020018	Prospective_memory_result	28723
BIN_FC10020126	Bipolar_and_major_depression_status_any	22341
BIN_FC10020458	Generally_happy	5872
BIN_FC10020459	Generally_happy_with_own_health	13837
BIN_FC10020536	Weight_changed_during_worst_episode_of_depression	31246
BIN_FC10020544	Social_anxiety_or_social_phobia_diagnosed_by__a_professional	1364
BIN_FC10020546	Unprescribed_medication_taken_for_depression	3792
BIN_FC10020547	Talking_based_therapies_taken_for_depression	24009
BIN_FC10020549	Unprescribed_medication_taken_for_anxiety	2787
BIN_FC10020550	Talking_based_therapies_taken_for_anxiety	13878
BIN_FC10020551	Addiction_to_sedative,_benzodiazepine_or_sleeping_medication	406
BIN_FC10020552	Other_non-behavioral_addiction	394
BIN_FC10021057	Degree_bothered_by_pain/problems_during_intercourse_in_the_last_3_months	15393
BIN_FC1002247	Hearing_difficulty	91044
BIN_FC10022506	Tobacco_smoking_current_vs_non	3207
BIN_FC1002306	Weight_change_compared_with_1_year_ago	152392
BIN_FC1002395	Male_pattern_baldness_severity	36768
BIN_FC1002724	Had_menopause	116958
BIN_FC1004803	Tinnitus	43201
BIN_FC1005149	3mm_regularity_index_for_irregular_astigmatism_level_(left)	5845
BIN_FC1005152	3mm_asymmetry_index_for_irregular_astigmatism_level_(right)	2927
BIN_FC1005155	3mm_asymmetry_index_for_irregular_astigmatism_level_(left)	2552
BIN_FC1005164	3mm_regularity_index_for_irregular_astigmatism_level_(right)	5999
BIN_FC1006144	Never_eat_eggs	9145
BIN_FC1006148	Eye_problems/disorders_Diabetic_eye_disease	2355
BIN_FC1006149	Mouth_ulcers	36402
BIN_FC1006150	Vascular/heart_problems_diagnosed_by_doctor_Heart_attack	7967
BIN_FC1006152	DVT_diagnosed_by_doctor	7286
BIN_FC1006153	Medication_for_cholesterol_(female_only)	24643
BIN_FC1006154	Aspirin	48972
BIN_FC1006155	Vitamin_A_vs_no_supplement	6655
BIN_FC1006177	Medication_for_cholesterol_(male_only)	39290
BIN_FC1006179	Fish_oil_(including_cod_liver_oil)	110270
BIN_FC10110005	Invitation_to_physical_activity_study,_acceptance	89527
BIN_FC110020544	Psychological_over-eating_or_binge-eating_diagnosed_by__a_professional	453
BIN_FC11006152	Blood_clot_or_DVT_diagnosed_by_doctor	9210
BIN_FC11006154	Omeprazole_use_self-reported	23357
BIN_FC11006155	Vitamin_E_vs_multivitamin	10009
BIN_FC11006179	Iron_supplements	10865
BIN_FC120020544	Autism_spectrum_disorder_diagnosed_by__a_professional	147
BIN_FC12006152	Blood_clot_in_the_leg_(DVT)_or_lung	9210
BIN_FC12006154	Laxative_use_self-reported	10484
BIN_FC12006155	Vitamin_B9_vs_multivitamin	7484
BIN_FC12006179	Selenium_supplements	8291
BIN_FC130020544	Anxiety_disorder_diagnosed_by__a_professional	15649
BIN_FC13006155	Vitamin_A	6655
BIN_FC140020544	Anorexia_nervosa_diagnosed_by__a_professional	632
BIN_FC14006155	Vitamin_B	15160
BIN_FC150020544	Agoraphobia_diagnosed_by__a_professional	448
BIN_FC15006155	Vitamin_C	30536
BIN_FC16006155	Vitamin_D	18008
BIN_FC170020544	Mental_health_problems_diagnosed_by_a_professional	34849
BIN_FC17006155	Vitamin_E	10009
BIN_FC18006155	Folic_acid_or_folate_(Vitamin_B9)	7484
BIN_FC19006155	Multivitamins_+/-_minerals	75684
BIN_FC20006157	Why_stopped_smoking_doctor_advice	6230
BIN_FC2001747	Hair_colour_(natural,_before_greying)_red	15411
BIN_FC20020018	Prospective_memory_result	6125
BIN_FC20020126	Bipolar_and_major_depression_status_Bipolar_Type_I	500
BIN_FC20020546	Prescribed_medication_taken_for_depression	26520
BIN_FC20020547	Activity_based_therapies_taken_for_depression	8369
BIN_FC20020549	Prescribed_medication_taken_for_anxiety	14080
BIN_FC20020550	Activity_based_therapies_taken_for_anxiety	6093
BIN_FC20020551	Addiction_to_painkiller_medication	387
BIN_FC20020552	Other_behavioral_addiction	1107
BIN_FC2006144	Never_eat_dairy	7941
BIN_FC2006148	Eye_problems/disorders_Glaucoma	5439
BIN_FC2006149	Painful_gums	10185
BIN_FC2006150	Vascular/heart_problems_diagnosed_by_doctor_Angina	10856
BIN_FC2006152	emphysema/chronic_bronchitis_diagnosed_by_doctor	5924
BIN_FC2006153	Medication_for_blood_pressure_(female_only)	33227
BIN_FC2006154	Ibuprofen_(e.g._Nurofen)	52237
BIN_FC2006155	Vitamin_B_vs_no_supplement	15160
BIN_FC2006177	Medication_for_blood_pressure_(male_only)	41252
BIN_FC2006179	Glucosamine	68054
BIN_FC30006157	Why_stopped_smoking_precautionary	53715
BIN_FC3001747	Hair_colour_(natural,_before_greying)_light_brown	140221
BIN_FC30020126	Bipolar_and_major_depression_status_Bipolar_Type_II	453
BIN_FC30020544	Other_psychosis_diagnosed_by__a_professional	399
BIN_FC30020546	Drugs_or_alcohol_taken_for_depression	7906
BIN_FC30020547	Non-drug_therapies_taken_for_depression	27493
BIN_FC30020549	Drugs_or_alcohol_taken_for_anxiety	5815
BIN_FC30020550	Non-drug_therapies_taken_for_anxiety	16681
BIN_FC30020551	Addiction_to_other_medication	206
BIN_FC3002247	Hearing_difficulty_and_Deafness	91122
BIN_FC30022506	Tobacco_smoking_ever_vs_no	34296
BIN_FC3006144	Never_eat_wheat	9755
BIN_FC3006148	Eye_problems/disorders_Injury_resulting_in_vision_loss	2163
BIN_FC3006149	Bleeding_gums	46279
BIN_FC3006150	Vascular/heart_problems_diagnosed_by_doctor_Stroke	5357
BIN_FC3006152	Blood_clot_diagnosed_by_doctor	2945
BIN_FC3006153	Medication_for_diabetes_(female_only)	1428
BIN_FC3006155	Vitamin_C_vs_no_supplement	30536
BIN_FC3006177	Medication_for_diabetes_(male_only)	2210
BIN_FC40006157	Why_stopped_smoking_financial	21521
BIN_FC4001747	Hair_colour_(natural,_before_greying)_dark_brown	126631
BIN_FC40020126	Bipolar_and_major_depression_status_probable_depression_(severe)	5776
BIN_FC40020544	Other_personality_disorder_diagnosed_by__a_professional	244
BIN_FC40020546	Medication_taken_for_depression	28128
BIN_FC40020549	Medication_taken_for_anxiety	15519
BIN_FC4002395	Male_pattern_baldness_severity_2	36768
BIN_FC4006144	Never_eat_sugar	67964
BIN_FC4006148	Eye_problems/disorders_Cataract	14473
BIN_FC4006149	Loose_teeth	14315
BIN_FC4006150	Vascular/heart_problems_diagnosed_by_doctor_High_blood_pressure	92713
BIN_FC4006152	asthma_diagnosed_by_doctor	39753
BIN_FC4006153	Hormone_replacement_therapy_(female_only)	14213
BIN_FC4006155	Vitamin_D_vs_no_supplement	18008
BIN_FC4006177	Cholesterol_lowering_medication	39290
BIN_FC50006157	Why_stopped_smoking_other	17645
BIN_FC5001747	Hair_colour_(natural,_before_greying)_black	14386
BIN_FC50020126	Bipolar_and_major_depression_status_probable_depression_(moderate)	10162
BIN_FC50020544	Phobia_diagnosed_by__a_professional	1494
BIN_FC5002395	Male_pattern_baldness_severity_3	43110
BIN_FC5006148	Eye_problems/disorders_Macular_degeneration	3233
BIN_FC5006149	Toothache	14587
BIN_FC5006152	Hayfever_rhinitis_or_eczema_diagnosed_by_doctor	80037
BIN_FC5006153	Oral_contraceptives_(female_only)	4813
BIN_FC5006155	Vitamin_E_vs_no_supplement	10009
BIN_FC5006177	Blood_pressure_medication	41252
BIN_FC6001747	Hair_colour_(natural,_before_greying)_other	4328
BIN_FC60020126	Bipolar_and_major_depression_status_single_probable_major_depressive_episode	5450
BIN_FC60020544	Panic_attacks_diagnosed_by__a_professional	6071
BIN_FC6002395	Male_pattern_baldness_severity_4	29620
BIN_FC6006149	Dentures	58663
BIN_FC6006152	Blood_clot_in_the_leg_(DVT)	7286
BIN_FC6006153	Cholesterol_lowering_medication	24643
BIN_FC6006154	Laxatives	10484
BIN_FC6006155	Vitamin_B9_vs_no_supplement	7484
BIN_FC6006177	Insulin	2210
BIN_FC6006179	Selenium	8291
BIN_FC7001747	Hair_colour_(natural,_before_greying)_brown	264882
BIN_FC70020544	Obsessive_compulsive_disorder_(OCD)_diagnosed_by__a_professional	670
BIN_FC7006152	Emphysema_or_chronic_bronchitis	5924
BIN_FC7006153	Blood_pressure_medication	33227
BIN_FC7006154	Aspirin_use_self-reported	48972
BIN_FC7006155	Vitamin_A_vs_multivitamin	6655
BIN_FC7006179	Fish_oil_supplements	110270
BIN_FC80020544	Mania,_hypomania,_bipolar_or_manic-depression_diagnosed_by__a_professional	546
BIN_FC8006152	Blood_clot_in_the_lung	2945
BIN_FC8006153	Insulin	1428
BIN_FC8006154	Ibuprofen_use_self-reported	52237
BIN_FC8006155	Vitamin_B_vs_multivitamin	15160
BIN_FC8006179	Glucosamine_supplements	68054
BIN_FC90020544	Depression_diagnosed_by__a_professional	23425
BIN_FC90020548	Manifestations_of_mania_or_irritability_Any_vs_missing	19520
BIN_FC9006152	Asthma	39753
BIN_FC9006153	Hormone_replacement_therapy	14213
BIN_FC9006154	Paracetamol_use_self-reported	76626
BIN_FC9006155	Vitamin_C_vs_multivitamin	30536
BIN_FC9006179	Calcium_supplements	23994
FH1001	Lung_cancer	123816
FH1002	Breast_cancer	62389
FH1019	Bowel_cancer	74235
FH1044	Prostate_cancer	34355
FH1065	High_blood_pressure	199040
FH1113	Chronic_bronchitis/emphysema	78572
FH1220	Diabetes	79162
FH1262	Parkinson's_disease	21754
FH1263	Alzheimer's_disease/dementia	51786
FH1286	Severe_depression	54567
HC0	scoliosis	1406
HC1	bowel_/_intestinal_obstruction	4509
HC10	dysmenorrhoea_/_dysmenorrhea	260
HC100	gastroenteritis/dysentry	215
HC101	eye_trauma	574
HC102	vertigo	998
HC103	thyroid_goitre	371
HC104	osteomyelitis	1068
HC105	shingles	1056
HC106	emphysema/chronic_bronchitis	6102
HC107	miscarriage	1126
HC109	gestational_hypertension/pre-eclampsia	1442
HC11	septicaemia_/_sepsis	329
HC110	stroke	6345
HC112	pyelonephritis	123
HC113	irregular_heart_beat	860
HC114	pericardial_effusion	734
HC115	contact_dermatitis	355
HC116	tinnitus_/_tiniitis	1820
HC117	abdominal_hernia	716
HC118	constipation	11264
HC119	disc_degeneration	3611
HC12	testicular_problems_(not_cancer)	508
HC121	peritonitis	2865
HC122	disorder_or_pituitary_gland	468
HC123	muscle/soft_tissue_problem	2881
HC124	undescended_testicle	204
HC125	anaemia	19801
HC126	polycystic_kidney	339
HC128	peripheral_nerve_disorder	201
HC129	muscle_or_soft_tissue_injuries	2994
HC13	lichen_sclerosis	193
HC130	housemaid's_knee_(prepatellar_bursitis)	249
HC131	svt_/_supraventricular_tachycardia	3203
HC132	angina	20229
HC133	anal_fissure	2967
HC134	bone_disorder	1566
HC135	anxiety/panic_attacks	5559
HC136	connective_tissue_disorder	3222
HC139	breast_cysts	1515
HC14	fracture_vertebra_/_crush_fracture_/_vertebral_collapse	349
HC140	urinary_frequency_/_incontinence	2087
HC142	synovitis	5062
HC143	retinal_problem	650
HC144	chickenpox	7051
HC146	pleural_effusion	5838
HC149	rheumatic_fever	1049
HC15	sciatica	5974
HC150	rosacea	1068
HC151	multiple_sclerosis	1534
HC152	deliberate_self-harm/suicide_attempt	164
HC153	joint_pain	9266
HC154	pelvic_inflammatory_disease/_pid	274
HC155	joint_disorder	1906
HC156	nasal_polyps	4993
HC157	jaundice_(unknown_cause)	497
HC158	spine_arthritis/spondylitis	3167
HC16	rectal_or_colon_adenoma/polyps	1218
HC160	fibrocystic_disease	111
HC161	prostatitis	1165
HC162	brain_abscess/intracranial_abscess	390
HC163	scleroderma/systemic_sclerosis	214
HC164	gastro-oesophageal_reflux_(gord)_/_gastric_reflux	35635
HC165	type_2_diabetes	2770
HC166	deep_venous_thrombosis_(dvt)	7059
HC167	raynaud's_phenomenon/disease	482
HC168	cervical_polyps	195
HC169	pernicious_anaemia	1071
HC17	diabetic_eye_disease	767
HC170	sarcoidosis	910
HC171	alcoholic_liver_disease_/_alcoholic_cirrhosis	913
HC172	gynaecological_disorder_(not_cancer)	568
HC173	fracture_shaft_of_femur	406
HC176	prolapsed_disc/slipped_disc	6157
HC177	dupuytren's_contracture	424
HC178	stress	1600
HC179	iron_deficiency_anaemia	9959
HC180	thyroid_problem_(not_cancer)	970
HC181	eye_infection	358
HC182	osteopenia	1282
HC184	aortic_aneurysm_rupture	1494
HC185	cellulitis	7461
HC187	chronic_laryngitis	121
HC188	cholelithiasis/gall_stones	16901
HC191	peripheral_nerve_injury	214
HC193	heart_arrhythmia	1970
HC194	liver/biliary/pancreas_problem	681
HC195	ureteric_obstruction/hydronephrosis	1056
HC196	labyrinthitis	921
HC197	clotting_disorder/excessive_bleeding	341
HC198	hyperparathyroidism	908
HC2	myocarditis	190
HC200	fracture_tibia	2003
HC201	ulcerative_colitis	3402
HC202	trapped_nerve/compressed_nerve	1237
HC203	pulmonary_embolism_+/-_dvt	5793
HC204	bursitis	2477
HC205	endometriosis	5585
HC206	parkinsons_disease	1471
HC208	parathyroid_gland_problem_(not_cancer)	477
HC209	gastric/stomach_ulcers	2519
HC21	mitral_valve_disease	245
HC210	non-infective_hepatitis	366
HC212	oesophageal_disorder	257
HC213	pericardial_problem	178
HC215	hypertension	114772
HC216	pneumothorax	1404
HC217	neck_problem/injury	410
HC218	motor_neurone_disease	298
HC219	hypothyroidism/myxoedema	21489
HC22	osteoporosis	10805
HC220	interstitial_lung_disease	496
HC221	diabetes	23125
HC222	arterial_embolism	928
HC223	fracture_pelvis	1586
HC224	rubella_/_german_measles	2046
HC225	cholecystitis	14990
HC226	herpes_simplex	519
HC227	erectile_dysfunction_/_impotence	266
HC229	chronic_skin_ulcers	116
HC230	disc_problem	399
HC231	heart_valve_problem/heart_murmur	2424
HC232	abnormal_smear_(cervix)	569
HC233	mania/bipolar_disorder/manic_depression	978
HC234	allergy_or_anaphylactic_reaction_to_food	1756
HC237	back_problem	6040
HC239	subdural_haemorrhage/haematoma	5206
HC24	mrsa_/_methicillin_resistant_staphylococcus_aureus	422
HC240	fracture_finger	1783
HC241	cranial_nerve_problem/palsy	211
HC242	pericarditis	338
HC243	inguinal_hernia	16097
HC246	schizophrenia	614
HC247	breast_disease_(not_cancer)	313
HC248	allergy_to_house_dust_mite	424
HC249	hepatitis_c	137
HC25	cataract	25584
HC250	acute_infective_polyneuritis/guillain-barre_syndrome	297
HC251	liver_failure/cirrhosis	246
HC252	leg_claudication/_intermittent_claudication	270
HC253	meniere's_disease	1283
HC254	uterine_polyps	1149
HC255	subarachnoid_haemorrhage	1279
HC256	fracture_toe	628
HC257	femoral_hernia	705
HC259	aortic_stenosis	2135
HC26	iritis	186
HC260	fracture_fibula	899
HC261	eczema/dermatitis	12895
HC262	diverticular_disease/diverticulitis	4327
HC263	nasal/sinus_disorder	1393
HC264	hepatitis_a	242
HC267	tennis_elbow_/_lateral_epicondylitis	813
HC268	varicose_ulcer	284
HC269	high_cholesterol	45228
HC27	gastrointestinal_bleeding	134
HC270	encephalitis	457
HC271	epicondylitis	716
HC273	essential_hypertension	76033
HC274	umbilical_hernia	3912
HC275	gastritis/gastric_erosions	653
HC276	glaucoma	7119
HC277	menopausal_symptoms_/_menopause	510
HC278	cerebral_aneurysm	529
HC28	bronchiectasis	2526
HC280	peripheral_neuropathy	636
HC281	atrial_fibrillation	16024
HC282	whooping_cough_/_pertussis	4175
HC283	cystitis	3241
HC284	fracture_nose	593
HC285	other_joint_disorder	35434
HC286	plantar_fascitis	255
HC287	infectious_mononucleosis_/_glandular_fever_/_epstein_barr_virus_(ebv)	945
HC288	alopecia_/_hair_loss	154
HC289	vitiligo	194
HC290	fracture_upper_arm_/_humerus_/_elbow	2050
HC291	polycystic_ovaries/polycystic_ovarian_syndrome	549
HC292	vasculitis	254
HC293	fracture_patella_/_knee	603
HC294	renal/kidney_failure	11031
HC295	carpal_tunnel_syndrome	9105
HC296	fracture_thumb	424
HC298	chronic_sinusitis	4732
HC299	heart_failure/pulmonary_odema	6265
HC300	benign_/_essential_tremor	363
HC301	asbestosis	137
HC302	retinal_detachment	3674
HC303	malabsorption/coeliac_disease	2300
HC304	burns_N/A	326
HC305	mitral_stenosis	170
HC306	insomnia	374
HC307	colitis/not_crohns_or_ulcerative_colitis	1171
HC308	hypertrophic_cardiomyopathy_(hcm_/_hocm)	1381
HC309	brain_haemorrhage	169
HC31	uterine_fibroids	5578
HC310	hiatus_hernia	47691
HC311	measles_/_morbillivirus	5673
HC312	wegners_granulmatosis	149
HC313	primary_biliary_cirrhosis	287
HC314	fracture_hand	2805
HC315	fracture_neck_/_cervical_fracture	405
HC316	dyspepsia_/_indigestion	11407
HC318	vocal_cord_polyp	370
HC32	other_renal/kidney_problem	1607
HC320	meningitis	1710
HC321	sjogren's_syndrome/sicca_syndrome	652
HC322	crohns_disease	1805
HC323	head_injury	5223
HC324	obsessive_compulsive_disorder_(ocd)	235
HC325	chronic/degenerative_neurological_problem	114
HC326	heart_attack/myocardial_infarction	13964
HC327	fracture_metatarsal	580
HC328	gout	7158
HC329	benign_neuroma	149
HC33	spinal_cord_disorder	407
HC330	myasthenia_gravis	231
HC331	tonsiltis	4441
HC332	post-traumatic_stress_disorder	371
HC334	fracture_sternum	1983
HC337	type_1_diabetes	344
HC338	giant_cell/temporal_arteritis	463
HC339	fracture_lower_leg_/_ankle	6612
HC34	pleurisy	1771
HC341	fracture_face_/_orbit_/_eye_socket	171
HC342	prostate_problem_(not_cancer)	615
HC344	post-natal_depression	429
HC346	fibromyalgia	1643
HC347	blistering/desquamating_skin_disorder	544
HC348	bell's_palsy/facial_nerve_palsy	363
HC35	sick_sinus_syndrome	492
HC351	blepharitis_/_eyelid_infection	707
HC352	systemic_lupus_erythematosis/sle	516
HC353	other_neurological_problem	1421
HC355	rectal_prolapse	1153
HC356	retinal_artery/vein_occlusion	345
HC357	duodenal_ulcer	4031
HC358	optic_neuritis	220
HC359	adrenocortical_insufficiency/addison's_disease	227
HC36	pneumonia	15869
HC361	anorexia/bulimia/other_eating_disorder	1121
HC362	respiratory_infection	10467
HC363	fracture_clavicle_/_collar_bone	700
HC364	sleep_apnoea	4868
HC366	allergy/hypersensitivity/anaphylaxis	2593
HC369	gestational_diabetes	186
HC370	other_respiratory_problems	604
HC371	bronchitis	5979
HC373	fracture_rib	1037
HC374	kidney_stone/ureter_stone/bladder_stone	2986
HC375	alcohol_dependency	484
HC376	osteoarthritis	30908
HC379	infective/viral_hepatitis	725
HC38	psoriasis	5585
HC380	fracture_ulna	1749
HC382	asthma	45229
HC383	bph_/_benign_prostatic_hypertrophy	822
HC384	throat_or_larynx_disorder	452
HC385	peripheral_vascular_disease	4326
HC386	helicobacter_pylori	2124
HC388	diabetic_neuropathy/ulcers	110
HC389	urticaria	1378
HC39	lichen_planus	688
HC390	trigemminal_neuralgia	556
HC391	pyloric_stenosis	279
HC392	pancreatitis	2435
HC394	mitral_regurgitation_/_incompetence	130
HC395	bladder_problem_(not_cancer)	2185
HC396	fracture_shoulder_/_scapula	2886
HC397	scarlet_fever_/_scarlatina	932
HC398	fracture_wrist_/_colles_fracture	1335
HC4	nephritis	1297
HC40	nervous_breakdown	548
HC400	transient_ischaemic_attack_(tia)	3224
HC401	varicose_veins	11255
HC402	spinal_stenosis	4155
HC404	urinary_tract_infection/kidney_infection	13990
HC406	fracture_neck_of_femur_/_hip	2911
HC408	polio_/_poliomyelitis	383
HC41	depression	21361
HC412	tendonitis_/_tendinitis_/_tenosynovitis	415
HC413	hereditary/genetic_haematological_disorder	304
HC414	cardiomyopathy	1686
HC415	aortic_aneurysm	1653
HC417	sclerosing_cholangitis	607
HC418	cervical_spondylosis	5010
HC419	otosclerosis	382
HC42	spontaneous_pneumothorax/recurrent_pneumothorax	1572
HC420	psychological/psychiatric_problem	321
HC421	other_abdominal_problem	509
HC422	ankylosing_spondylitis	1253
HC423	respiratory_failure	2605
HC424	fracture_skull_/_head	2288
HC428	low_platelets/platelet_disorder	290
HC429	hiv/aids	244
HC43	unclassifiable	15888
HC430	rheumatoid_arthritis	6363
HC431	emphysema	2127
HC432	mitral_valve_prolapse	611
HC433	lymphoedema	718
HC434	macular_degeneration	366
HC435	ear/vestibular_disorder	3129
HC436	acne/acne_vulgaris	396
HC437	epilepsy	4568
HC438	hepatitis	1296
HC44	bile_duct_obstruction/ascending_cholangitis	1312
HC440	atrial_flutter	15501
HC441	hypopituitarism	384
HC442	chronic_obstructive_airways_disease/copd	9534
HC443	headaches_(not_migraine)	3077
HC444	fracture_jaw	181
HC445	oesophageal_varicies	562
HC45	mumps_/_epidemic_parotitis	3522
HC46	renal_failure_requiring_dialysis	157
HC47	malaria	449
HC48	aplastic_anaemia	487
HC49	hayfever/allergic_rhinitis	21881
HC5	myositis/myopathy	336
HC51	paraplegia	329
HC52	aortic_dissection	1626
HC53	spinal_injury	734
HC54	peptic_ulcer	726
HC55	hyperthyroidism/thyrotoxicosis	4000
HC56	monoclonal_gammopathy/not_myeloma	308
HC57	fracture_radius	5235
HC58	benign_breast_lump	2527
HC59	thyroiditis	509
HC6	eye/eyelid_problem	2777
HC60	oesophagitis/barretts_oesophagus	11447
HC61	haemorrhoids_/_piles	21887
HC62	tuberculosis_(tb)	1804
HC63	pituitary_adenoma/tumour	224
HC64	irritable_bowel_syndrome	12722
HC67	hepatitis_b	127
HC68	disorder_of_adrenal_gland	734
HC69	polycythaemia_vera	573
HC7	back_pain	10264
HC72	chronic_fatigue_syndrome	1598
HC76	fracture_foot	1460
HC77	allergy_or_anaphylactic_reaction_to_drug	3877
HC78	arthritis_(nos)	20199
HC79	appendicitis	6404
HC8	gall_bladder_disease	1857
HC81	essential_thrombocytosis	105
HC82	cerebral_palsy	2311
HC83	fracture_forearm_/_wrist	6892
HC84	pulmonary_fibrosis	1045
HC85	enlarged_prostate	5730
HC86	migraine	13081
HC87	spina_bifida	204
HC88	heart/cardiac_problem	1229
HC89	food_intolerance	532
HC9	renal_failure_not_requiring_dialysis	276
HC91	psoriatic_arthropathy	1060
HC92	allergy_to_elastoplast	196
HC93	dry_eyes	843
HC95	inflammatory_bowel_disease	4216
HC96	polymyalgia_rheumatica	1898
HC98	stomach_disorder	1625
INI1003063	FEV_FVC_ratio	308970
INI1003064	PEF_predicted_ratio	308970
INI102	Pulse_rate,_automated_reading	319526
INI1050	Time_spend_outdoors_in_summer	309239
INI1060	Time_spent_outdoors_in_winter	272935
INI1160	Sleep_duration	335431
INI12654	Number_of_automated_diagnostic_comments_recorded_during_12-lead_ECG	26306
INI1269	Exposure_to_tobacco_smoke_at_home	306886
INI1279	Exposure_to_tobacco_smoke_outside_home	288947
INI1289	Cooked_vegetable_intake	328147
INI1299	Salad_/_raw_vegetable_intake	319170
INI1309	Fresh_fruit_intake	326481
INI1319	Dried_fruit_intake	310913
INI134	Number_of_self-reported_cancers	337100
INI135	Number_of_self-reported_non-cancer_illnesses	337100
INI137	Number_of_treatments/medications_taken	337100
INI1438	Bread_intake	330649
INI1458	Cereal_intake	323897
INI1488	Tea_intake	327636
INI1498	Coffee_intake	315166
INI1528	Water_intake	313862
INI1568	Average_weekly_red_wine_intake	242858
INI1578	Average_weekly_champagne_plus_white_wine_intake	242720
INI1588	Average_weekly_beer_plus_cider_intake	243270
INI1598	Average_weekly_spirits_intake	242518
INI1608	Average_weekly_fortified_wine_intake	243201
INI1737	Childhood_sunburn_occasions	254042
INI1807	Father's_age_at_death	254307
INI1845	Mother's_age	130717
INI1873	Number_of_full_brothers	332175
INI1883	Number_of_full_sisters	332232
INI20015	Sitting_height	336453
INI20016	Fluid_intelligence_score	136544
INI20019	Speech-reception-threshold_(SRT)_estimate_(left)	129419
INI20021	Speech-reception-threshold_(SRT)_estimate_(right)	129559
INI20022	Birth_weight	195406
INI20121	Cascot_confidence_score	9824
INI20127	Neuroticism_score	274069
INI20150	Forced_expiratory_volume_in_1-second_(FEV1),_Best_measure	255447
INI20151	Forced_vital_capacity_(FVC),_Best_measure	255447
INI20153	Forced_expiratory_volume_in_1-second_(FEV1),_predicted	110404
INI20154	Forced_expiratory_volume_in_1-second_(FEV1),_predicted_percentage	110404
INI20403	Amount_of_alcohol_drunk_on_a_typical_drinking_day	101220
INI20405	Ever_had_known_person_concerned_about,_or_recommend_reduction_of,_alcohol_consumption	110163
INI20407	Frequency_of_failure_to_fulfil_normal_expectations_due_to_drinking_alcohol_in_last_year	60712
INI20408	Frequency_of_memory_loss_due_to_drinking_alcohol_in_last_year	60684
INI20409	Frequency_of_feeling_guilt_or_remorse_after_drinking_alcohol_in_last_year	60668
INI20410	Age_when_known_person_last_commented_about_drinking_habits	4467
INI20411	Ever_been_injured_or_injured_someone_else_through_drinking_alcohol	110280
INI20412	Frequency_of_needing_morning_drink_of_alcohol_after_heavy_drinking_session_in_last_year	60750
INI20413	Frequency_of_inability_to_cease_drinking_in_last_year	60640
INI20414	Frequency_of_drinking_alcohol	110201
INI20416	Frequency_of_consuming_six_or_more_units_of_alcohol	101438
INI20418	Impact_on_normal_roles_during_worst_period_of_anxiety	33930
INI20420	Longest_period_spent_worried_or_anxious	27254
INI20433	Age_at_first_episode_of_depression	56852
INI20434	Age_at_last_episode_of_depression	55175
INI20436	Fraction_of_day_affected_during_worst_episode_of_depression	58172
INI20438	Duration_of_worst_depression	61038
INI20439	Frequency_of_depressed_days_during_worst_episode_of_depression	60090
INI20440	Impact_on_normal_roles_during_worst_period_of_depression	61870
INI20442	Lifetime_number_of_depressed_periods	50021
INI20453	Ever_taken_cannabis	110196
INI20454	Maximum_frequency_of_taking_cannabis	22361
INI20460	Belief_that_own_life_is_meaningful	107813
INI20461	Age_when_first_had_unusual_or_psychotic_experience	4275
INI20467	Frequency_of_unusual_or_psychotic_experiences_in_past_year	5359
INI20479	Ever_thought_that_life_not_worth_living	109612
INI20482	Number_of_times_self-harmed	4577
INI20485	Ever_contemplated_self-harm	109925
INI20494	Felt_irritable_or_had_angry_outbursts_in_past_month	49138
INI20495	Avoided_activities_or_situations_because_of_previous_stressful_experience_in_past_month	110156
INI20496	Felt_distant_from_other_people_in_past_month	49142
INI20497	Repeated_disturbing_thoughts_of_stressful_experience_in_past_month	110183
INI20498	Felt_very_upset_when_reminded_of_stressful_experience_in_past_month	110179
INI20505	Recent_easy_annoyance_or_irritability	109801
INI20506	Recent_feelings_or_nervousness_or_anxiety	109894
INI20507	Recent_feelings_of_inadequacy	109817
INI20508	Recent_trouble_concentrating_on_things	110181
INI20509	Recent_inability_to_stop_or_control_worrying	109887
INI20510	Recent_feelings_of_depression	109954
INI20511	Recent_poor_appetite_or_overeating	110196
INI20512	Recent_feelings_of_foreboding	109787
INI20513	Recent_thoughts_of_suicide_or_self-harm	109497
INI20514	Recent_lack_of_interest_or_pleasure_in_doing_things	110046
INI20515	Recent_trouble_relaxing	110007
INI20516	Recent_restlessness	110075
INI20517	Trouble_falling_or_staying_asleep,_or_sleeping_too_much	110107
INI20518	Recent_changes_in_speed/amount_of_moving_or_speaking	110148
INI20519	Recent_feelings_of_tiredness_or_low_energy	110123
INI20520	Recent_worrying_too_much_about_different_things	109875
INI21001	Body_mass_index_(BMI)	336099
INI21002	Weight	336211
INI21021	Pulse_wave_Arterial_Stiffness_index	134045
INI21025	Frequency_of_discomfort/pain_in_abdomen_in_last_3_months	122272
INI21028	Frequency_of_discomfort/pain_getting_better_or_stopping_after_a_bowel_movement	65310
INI21029	More_frequent_bowel_movements_when_abdominal_discomfort/pain_started	62008
INI21030	Less_frequent_bowel_movements_when_abdominal_discomfort/pain_started	64123
INI21031	Stools_looser_when_abdominal_discomfort/pain_started	60816
INI21032	Frequency_of_harder_stools_when_abdominal_discomfort/pain_started	64351
INI21033	Frequency_of_hard/lumpy_stools_in_the_last_3_months	121720
INI21034	Frequency_of_loose/mushy/watery_stools_in_the_last_3_months	121464
INI21036	Severity_of_current_abdominal_pain	35204
INI21037	Number_of_days_(out_of_10)_with_abdominal_pain	34995
INI21039	Severity_of_current_abdominal_distension/tightness	28026
INI21040	Satisfaction_with_bowel_habits	121792
INI21041	Degree_to_which_abdominal_pain/discomfort/altered_bowel_habits_affect/interfere_with_life_in_general	121797
INI21042	Greatest_number_of_times_bowels_opened_per_day	121761
INI21043	Least_number_of_times_bowels_opened_per_week	120928
INI21044	Average_number_of_times_bowels_opened_per_day	121401
INI21045	Number_of_weeks_absent_from_work_due_to_IBS,_in_the_last_year	5511
INI21047	Number_of_weeks_(in_the_last_year)_at_work_suffering_because_of_IBS	5613
INI21048	Degree_bothered_by_back_pain_in_the_past_3_months	122356
INI21049	Degree_bothered_by_pain_in_arms/legs/joints_in_the_past_3_months	97021
INI21051	Degree_bothered_by_headaches_in_the_last_3_months	116930
INI21052	Degree_bothered_by_chest_pain_in_the_last_3_months	121110
INI21053	Degree_bothered_by_dizziness_in_the_last_3_months	119817
INI21054	Degree_bothered_by_fainting_spells_in_the_last_3_months	122131
INI21055	Degree_bothered_by_feeling_heart_pound/race_in_the_last_3_months	118503
INI21056	Degree_bothered_by_shortness_of_breath_in_the_last_3_months	117700
INI21058	Degree_bothered_by_urinary_frequency/bladder_irritability_in_the_last_3_months	107917
INI21059	Degree_bothered_by_nausea_in_the_last_3_months	121068
INI21060	Degree_bothered_by_feeling_tired_all_the_time_in_the_last_3_months	102925
INI21061	Degree_bothered_by_trouble_sleeping_in_the_last_3_months	101686
INI2149	Lifetime_number_of_sexual_partners	279532
INI22146	Age_hayfever_or_allergic_rhinitis_diagnosed_by_doctor	19545
INI22147	Age_asthma_diagnosed_by_doctor	10935
INI22150	Age_COPD_(Chronic_Obstructive_Pulmonary_Disease)_diagnosed_by_doctor	1272
INI2217	Age_started_wearing_glasses_or_contact_lenses	294461
INI22400	Liver_iron_(Fe)	799
INI22401	Liver_inflammation_factor_(LIF)	792
INI22402	Liver_fat_percentage	3289
INI22403	Anterior_thigh_lean_muscle_volume_(right)	4179
INI22404	Posterior_thigh_lean_muscle_volume_(right)	4179
INI22405	Anterior_thigh_lean_muscle_volume_(left)	4142
INI22406	Posterior_thigh_lean_muscle_volume_(left)	4142
INI22407	Visceral_adipose_tissue_volume_(VAT)	7081
INI22408	Abdominal_subcutaneous_adipose_tissue_volume_(ASAT)	7082
INI22409	Total_thigh_muscle_volume	6962
INI22410	Total_trunk_fat	4287
INI22420	LV_ejection_fraction	27768
INI22421	LV_end_diastolic_volume	27768
INI22422	LV_end_systolic_volume	27768
INI22423	LV_stroke_volume	27768
INI22424	Cardiac_output	27768
INI22425	Cardiac_index	27762
INI22426	Average_heart_rate	27768
INI22427	Body_surface_area	27762
INI22503	Years_of_cough_on_most_days	11783
INI22505	Years_of_bringing_up_phlegm/sputum/mucus_on_most_days	7240
INI23000	1gG_antigen_for_Herpes_Simplex_virus-1	6643
INI23001	2mgG_unique_antigen_for_Herpes_Simplex_virus-2	6643
INI23002	gE_/_gI_antigen_for_Varicella_Zoster_Virus	6643
INI23003	VCA_p18_antigen_for_Epstein-Barr_Virus	6643
INI23004	EBNA-1_antigen_for_Epstein-Barr_Virus	6643
INI23005	ZEBRA_antigen_for_Epstein-Barr_Virus	6643
INI23006	EA-D_antigen_for_Epstein-Barr_Virus	6643
INI23007	pp150_Nter_antigen_for_Human_Cytomegalovirus	6643
INI23008	pp_52_antigen_for_Human_Cytomegalovirus	6643
INI23009	pp_28_antigen_for_Human_Cytomegalovirus	6643
INI23010	IE1A_antigen_for_Human_Herpesvirus-6	6643
INI23011	IE1B_antigen_for_Human_Herpesvirus-6	6643
INI23012	p101_k_antigen_for_Human_Herpesvirus-6	6643
INI23013	U14_antigen_for_Human_Herpesvirus-7	6643
INI23014	LANA_antigen_for_Kaposi's_Sarcoma-Associated_Herpesvirus	6643
INI23015	K8.1_antigen_for_Kaposi's_Sarcoma-Associated_Herpesvirus	6643
INI23016	HBc_antigen_for_Hepatitis_B_Virus	6643
INI23017	HBe_antigen_for_Hepatitis_B_Virus	6643
INI23018	Core_antigen_for_Hepatitis_C_Virus	6643
INI23019	NS3_antigen_for_Hepatitis_C_Virus	6643
INI23020	p22_antigen_for_Toxoplasma_gondii	6643
INI23021	sag1_antigen_for_Toxoplasma_gondii	6643
INI23022	HTLV-1_gag_antigen_for_Human_T-Lymphotropic_Virus_1	6643
INI23023	HTLV-1_env_antigen_for_Human_T-Lymphotropic_Virus_1	6643
INI23024	HIV-1_gag_antigen_for_Human_Immunodeficiency_Virus	6643
INI23025	HIV-1_env_antigen_for_Human_Immunodeficiency_Virus	6643
INI23026	BK_VP1_antigen_for_Human_Polyomavirus_BKV	6643
INI23027	JC_VP1_antigen_for_Human_Polyomavirus_JCV	6643
INI23028	MC_VP1_antigen_for_Merkel_Cell_Polyomavirus	6643
INI23029	L1_antigen_for_Human_Papillomavirus_type-16	6643
INI23030	E6_antigen_for_Human_Papillomavirus_type-16	6643
INI23031	E7_antigen_for_Human_Papillomavirus_type-16	6643
INI23032	L1_antigen_for_Human_Papillomavirus_type-18	6643
INI23033	momp_D_antigen_for_Chlamydia_trachomatis	6643
INI23034	momp_A_antigen_for_Chlamydia_trachomatis	6643
INI23035	tarp-D_F1_antigen_for_Chlamydia_trachomatis	6643
INI23036	tarp-D_F2_antigen_for_Chlamydia_trachomatis	6643
INI23037	PorB_antigen_for_Chlamydia_trachomatis	6643
INI23038	pGP3_antigen_for_Chlamydia_trachomatis	6643
INI23039	CagA_antigen_for_Helicobacter_pylori	3378
INI23040	VacA_antigen_for_Helicobacter_pylori	6643
INI23041	OMP_antigen_for_Helicobacter_pylori	6643
INI23042	GroEL_antigen_for_Helicobacter_pylori	6643
INI23043	Catalase_antigen_for_Helicobacter_pylori	6643
INI23044	UreA_antigen_for_Helicobacter_pylori	6643
INI23099	Body_fat_percentage	331264
INI23100	Whole_body_fat_mass	330916
INI23101	Whole_body_fat-free_mass	331432
INI23102	Whole_body_water_mass	331456
INI23105	Basal_metabolic_rate	331456
INI23106	Impedance_of_whole_body	331705
INI23107	Impedance_of_leg_(right)	331720
INI23108	Impedance_of_leg_(left)	331717
INI23109	Impedance_of_arm_(right)	331702
INI23110	Impedance_of_arm_(left)	331713
INI23111	Leg_fat_percentage_(right)	331437
INI23112	Leg_fat_mass_(right)	331434
INI23113	Leg_fat-free_mass_(right)	331426
INI23114	Leg_predicted_mass_(right)	331426
INI23115	Leg_fat_percentage_(left)	331419
INI23116	Leg_fat_mass_(left)	331416
INI23117	Leg_fat-free_mass_(left)	331400
INI23118	Leg_predicted_mass_(left)	331395
INI23119	Arm_fat_percentage_(right)	331391
INI23120	Arm_fat_mass_(right)	331368
INI23121	Arm_fat-free_mass_(right)	331364
INI23122	Arm_predicted_mass_(right)	331359
INI23123	Arm_fat_percentage_(left)	331341
INI23124	Arm_fat_mass_(left)	331308
INI23125	Arm_fat-free_mass_(left)	331304
INI23126	Arm_predicted_mass_(left)	331291
INI23127	Trunk_fat_percentage	331260
INI23128	Trunk_fat_mass	331241
INI23129	Trunk_fat-free_mass	331180
INI23130	Trunk_predicted_mass	331149
INI23200	L1-L4_area	3678
INI23201	L1-L4_average_height	3678
INI23202	L1-L4_average_width	3678
INI23206	Femur_lower_neck_BMD_(bone_mineral_density)_(right)	1681
INI23208	Femur_neck_BMD_(bone_mineral_density)_(right)	3704
INI23209	Femur_neck_BMD_(bone_mineral_density)_T-score_(right)	3682
INI23210	Femur_shaft_BMD_(bone_mineral_density)_(right)	3694
INI23212	Femur_total_BMD_(bone_mineral_density)_(right)	3694
INI23213	Femur_total_BMD_(bone_mineral_density)_T-score_(right)	3672
INI23214	Femur_troch_BMD_(bone_mineral_density)_(right)	3704
INI23215	Femur_troch_BMD_(bone_mineral_density)_T-score_(right)	3682
INI23216	Femur_upper_neck_BMD_(bone_mineral_density)_(right)	1681
INI23220	Arm_BMC_(bone_mineral_content)_(left)	3100
INI23221	Arm_BMD_(bone_mineral_density)_(left)	3100
INI23222	Arm_BMC_(bone_mineral_content)_(right)	3100
INI23223	Arm_BMD_(bone_mineral_density)_(right)	3100
INI23224	Arms_BMC_(bone_mineral_content)	3694
INI23225	Arms_BMD_(bone_mineral_density)	3694
INI23244	Android_bone_mass	3694
INI23245	Android_fat_mass	3694
INI23246	Android_lean_mass	3694
INI23247	Android_tissue_fat_percentage	3694
INI23248	Android_total_mass	3694
INI23250	Arm_lean_mass_(left)	3100
INI23251	Arm_tissue_fat_percentage_(left)	3100
INI23252	Arm_total_mass_(left)	3100
INI23254	Arm_lean_mass_(right)	3100
INI23255	Arm_tissue_fat_percentage_(right)	3100
INI23256	Arm_total_mass_(right)	3100
INI23257	Arms_fat_mass	3694
INI23258	Arms_lean_mass	3694
INI23259	Arms_tissue_fat_percentage	3694
INI23260	Arms_total_mass	3694
INI23261	Gynoid_bone_mass	3694
INI23262	Gynoid_fat_mass	3694
INI23263	Gynoid_lean_mass	3694
INI23264	Gynoid_tissue_fat_percentage	3694
INI23265	Gynoid_total_mass	3694
INI23267	Leg_lean_mass_(left)	3100
INI23268	Leg_tissue_fat_percentage_(left)	3100
INI23269	Leg_total_mass_(left)	3100
INI23271	Leg_lean_mass_(right)	3100
INI23272	Leg_tissue_fat_percentage_(right)	3100
INI23273	Leg_total_mass_(right)	3100
INI23274	Legs_fat_mass	3694
INI23275	Legs_lean_mass	3694
INI23276	Legs_tissue_fat_percentage	3694
INI23277	Legs_total_mass	3694
INI23278	Total_fat_mass	3694
INI23279	Total_fat-free_mass	3694
INI23280	Total_lean_mass	3694
INI23281	Total_tissue_fat_percentage	3694
INI23282	Total_tissue_mass	3694
INI23283	Total_mass	3694
INI23285	Trunk_lean_mass	3694
INI23286	Trunk_tissue_fat_percentage	3694
INI23287	Trunk_total_mass	3694
INI23288	VAT_(visceral_adipose_tissue)_mass	3652
INI23289	VAT_(visceral_adipose_tissue)_volume	3652
INI23290	Femur_shaft_BMD_(bone_mineral_density)_(left)	3693
INI23291	Femur_total_BMD_(bone_mineral_density)_(left)	3693
INI23292	Femur_upper_neck_BMD_(bone_mineral_density)_(left)	1681
INI23293	Femur_total_BMD_(bone_mineral_density)_T-score_(left)	3671
INI23295	Femur_troch_BMD_(bone_mineral_density)_(left)	3704
INI23296	Femur_upper_neck_BMD_(bone_mineral_density)_T-score_(left)	1673
INI23298	Femur_troch_BMD_(bone_mineral_density)_T-score_(left)	3682
INI23299	Femur_neck_BMD_(bone_mineral_density)_(left)	3704
INI23300	Femur_neck_BMD_(bone_mineral_density)_T-score_(left)	3682
INI23302	Femur_lower_neck_BMD_(bone_mineral_density)_(left)	1681
INI23304	Trunk_bone_area	3694
INI23305	Head_bone_area	3694
INI23307	Pelvis_bone_area	3694
INI23309	Ribs_bone_area	3694
INI23311	Spine_bone_area	3694
INI23313	Arm_bone_area_(left)	3100
INI23314	Arm_bone_area_(right)	3100
INI23315	Leg_bone_area_(left)	3100
INI23316	Leg_bone_area_(right)	3100
INI23317	Arms_combined_bone_area	3694
INI23318	Legs_combined_bone_area	3694
INI2405	Number_of_children_fathered	155077
INI25000	Volumetric_scaling_from_T1_head_image_to_standard_space	27769
INI25001	Volume_of_peripheral_cortical_grey_matter_(normalised_for_head_size)	27769
INI25002	Volume_of_peripheral_cortical_grey_matter	27769
INI25003	Volume_of_ventricular_cerebrospinal_fluid_(normalised_for_head_size)	27769
INI25004	Volume_of_ventricular_cerebrospinal_fluid	27769
INI25005	Volume_of_grey_matter_(normalised_for_head_size)	27769
INI25006	Volume_of_grey_matter	27769
INI25007	Volume_of_white_matter_(normalised_for_head_size)	27769
INI25008	Volume_of_white_matter	27769
INI25009	Volume_of_brain,_grey+white_matter_(normalised_for_head_size)	27769
INI25010	Volume_of_brain,_grey+white_matter	27769
INI25011	Volume_of_thalamus_(left)	27756
INI25012	Volume_of_thalamus_(right)	27756
INI25013	Volume_of_caudate_(left)	27756
INI25014	Volume_of_caudate_(right)	27756
INI25015	Volume_of_putamen_(left)	27756
INI25016	Volume_of_putamen_(right)	27756
INI25017	Volume_of_pallidum_(left)	27756
INI25018	Volume_of_pallidum_(right)	27756
INI25019	Volume_of_hippocampus_(left)	27756
INI25020	Volume_of_hippocampus_(right)	27756
INI25021	Volume_of_amygdala_(left)	27756
INI25022	Volume_of_amygdala_(right)	27756
INI25023	Volume_of_accumbens_(left)	27756
INI25024	Volume_of_accumbens_(right)	27756
INI25025	Volume_of_brain_stem_+_4th_ventricle	27756
INI25026	Median_T2star_in_thalamus_(left)	25171
INI25027	Median_T2star_in_thalamus_(right)	25171
INI25028	Median_T2star_in_caudate_(left)	25171
INI25029	Median_T2star_in_caudate_(right)	25171
INI25030	Median_T2star_in_putamen_(left)	25171
INI25031	Median_T2star_in_putamen_(right)	25171
INI25032	Median_T2star_in_pallidum_(left)	25171
INI25033	Median_T2star_in_pallidum_(right)	25171
INI25034	Median_T2star_in_hippocampus_(left)	25171
INI25035	Median_T2star_in_hippocampus_(right)	25171
INI25036	Median_T2star_in_amygdala_(left)	25171
INI25037	Median_T2star_in_amygdala_(right)	25171
INI25038	Median_T2star_in_accumbens_(left)	25171
INI25039	Median_T2star_in_accumbens_(right)	25171
INI25040	Median_BOLD_effect_(in_group-defined_mask)_for_shapes_activation	23102
INI25042	Median_z-statistic_(in_group-defined_mask)_for_shapes_activation	23102
INI25044	Median_BOLD_effect_(in_group-defined_mask)_for_faces_activation	23102
INI25046	Median_z-statistic_(in_group-defined_mask)_for_faces_activation	23102
INI25048	Median_BOLD_effect_(in_group-defined_mask)_for_faces-shapes_contrast	23102
INI25050	Median_z-statistic_(in_group-defined_mask)_for_faces-shapes_contrast	23102
INI25052	Median_BOLD_effect_(in_group-defined_amygdala_activation_mask)_for_faces-shapes_contrast	23102
INI25054	Median_z-statistic_(in_group-defined_amygdala_activation_mask)_for_faces-shapes_contrast	23102
INI25056	Mean_FA_in_middle_cerebellar_peduncle_on_FA_skeleton	26202
INI25057	Mean_FA_in_pontine_crossing_tract_on_FA_skeleton	26202
INI25058	Mean_FA_in_genu_of_corpus_callosum_on_FA_skeleton	26202
INI25059	Mean_FA_in_body_of_corpus_callosum_on_FA_skeleton	26202
INI25060	Mean_FA_in_splenium_of_corpus_callosum_on_FA_skeleton	26202
INI25061	Mean_FA_in_fornix_on_FA_skeleton	26202
INI25062	Mean_FA_in_corticospinal_tract_on_FA_skeleton_(right)	26202
INI25063	Mean_FA_in_corticospinal_tract_on_FA_skeleton_(left)	26202
INI25064	Mean_FA_in_medial_lemniscus_on_FA_skeleton_(right)	26202
INI25065	Mean_FA_in_medial_lemniscus_on_FA_skeleton_(left)	26202
INI25066	Mean_FA_in_inferior_cerebellar_peduncle_on_FA_skeleton_(right)	26202
INI25067	Mean_FA_in_inferior_cerebellar_peduncle_on_FA_skeleton_(left)	26202
INI25068	Mean_FA_in_superior_cerebellar_peduncle_on_FA_skeleton_(right)	26202
INI25069	Mean_FA_in_superior_cerebellar_peduncle_on_FA_skeleton_(left)	26202
INI25070	Mean_FA_in_cerebral_peduncle_on_FA_skeleton_(right)	26202
INI25071	Mean_FA_in_cerebral_peduncle_on_FA_skeleton_(left)	26202
INI25072	Mean_FA_in_anterior_limb_of_internal_capsule_on_FA_skeleton_(right)	26202
INI25073	Mean_FA_in_anterior_limb_of_internal_capsule_on_FA_skeleton_(left)	26202
INI25074	Mean_FA_in_posterior_limb_of_internal_capsule_on_FA_skeleton_(right)	26202
INI25075	Mean_FA_in_posterior_limb_of_internal_capsule_on_FA_skeleton_(left)	26202
INI25076	Mean_FA_in_retrolenticular_part_of_internal_capsule_on_FA_skeleton_(right)	26202
INI25077	Mean_FA_in_retrolenticular_part_of_internal_capsule_on_FA_skeleton_(left)	26202
INI25078	Mean_FA_in_anterior_corona_radiata_on_FA_skeleton_(right)	26202
INI25079	Mean_FA_in_anterior_corona_radiata_on_FA_skeleton_(left)	26202
INI25080	Mean_FA_in_superior_corona_radiata_on_FA_skeleton_(right)	26202
INI25081	Mean_FA_in_superior_corona_radiata_on_FA_skeleton_(left)	26202
INI25082	Mean_FA_in_posterior_corona_radiata_on_FA_skeleton_(right)	26202
INI25083	Mean_FA_in_posterior_corona_radiata_on_FA_skeleton_(left)	26202
INI25084	Mean_FA_in_posterior_thalamic_radiation_on_FA_skeleton_(right)	26202
INI25085	Mean_FA_in_posterior_thalamic_radiation_on_FA_skeleton_(left)	26202
INI25086	Mean_FA_in_sagittal_stratum_on_FA_skeleton_(right)	26202
INI25087	Mean_FA_in_sagittal_stratum_on_FA_skeleton_(left)	26202
INI25088	Mean_FA_in_external_capsule_on_FA_skeleton_(right)	26202
INI25089	Mean_FA_in_external_capsule_on_FA_skeleton_(left)	26202
INI25090	Mean_FA_in_cingulum_cingulate_gyrus_on_FA_skeleton_(right)	26202
INI25091	Mean_FA_in_cingulum_cingulate_gyrus_on_FA_skeleton_(left)	26202
INI25092	Mean_FA_in_cingulum_hippocampus_on_FA_skeleton_(right)	26202
INI25093	Mean_FA_in_cingulum_hippocampus_on_FA_skeleton_(left)	26202
INI25094	Mean_FA_in_fornix_cres+stria_terminalis_on_FA_skeleton_(right)	26202
INI25095	Mean_FA_in_fornix_cres+stria_terminalis_on_FA_skeleton_(left)	26202
INI25096	Mean_FA_in_superior_longitudinal_fasciculus_on_FA_skeleton_(right)	26202
INI25097	Mean_FA_in_superior_longitudinal_fasciculus_on_FA_skeleton_(left)	26202
INI25098	Mean_FA_in_superior_fronto-occipital_fasciculus_on_FA_skeleton_(right)	26202
INI25099	Mean_FA_in_superior_fronto-occipital_fasciculus_on_FA_skeleton_(left)	26202
INI25100	Mean_FA_in_uncinate_fasciculus_on_FA_skeleton_(right)	26202
INI25101	Mean_FA_in_uncinate_fasciculus_on_FA_skeleton_(left)	26202
INI25102	Mean_FA_in_tapetum_on_FA_skeleton_(right)	26202
INI25103	Mean_FA_in_tapetum_on_FA_skeleton_(left)	26202
INI25344	Mean_ICVF_in_middle_cerebellar_peduncle_on_FA_skeleton	26201
INI25345	Mean_ICVF_in_pontine_crossing_tract_on_FA_skeleton	26201
INI25346	Mean_ICVF_in_genu_of_corpus_callosum_on_FA_skeleton	26201
INI25347	Mean_ICVF_in_body_of_corpus_callosum_on_FA_skeleton	26201
INI25348	Mean_ICVF_in_splenium_of_corpus_callosum_on_FA_skeleton	26201
INI25349	Mean_ICVF_in_fornix_on_FA_skeleton	26201
INI25350	Mean_ICVF_in_corticospinal_tract_on_FA_skeleton_(right)	26201
INI25351	Mean_ICVF_in_corticospinal_tract_on_FA_skeleton_(left)	26201
INI25352	Mean_ICVF_in_medial_lemniscus_on_FA_skeleton_(right)	26201
INI25353	Mean_ICVF_in_medial_lemniscus_on_FA_skeleton_(left)	26201
INI25354	Mean_ICVF_in_inferior_cerebellar_peduncle_on_FA_skeleton_(right)	26201
INI25355	Mean_ICVF_in_inferior_cerebellar_peduncle_on_FA_skeleton_(left)	26201
INI25356	Mean_ICVF_in_superior_cerebellar_peduncle_on_FA_skeleton_(right)	26201
INI25357	Mean_ICVF_in_superior_cerebellar_peduncle_on_FA_skeleton_(left)	26201
INI25358	Mean_ICVF_in_cerebral_peduncle_on_FA_skeleton_(right)	26201
INI25359	Mean_ICVF_in_cerebral_peduncle_on_FA_skeleton_(left)	26201
INI25360	Mean_ICVF_in_anterior_limb_of_internal_capsule_on_FA_skeleton_(right)	26201
INI25361	Mean_ICVF_in_anterior_limb_of_internal_capsule_on_FA_skeleton_(left)	26201
INI25362	Mean_ICVF_in_posterior_limb_of_internal_capsule_on_FA_skeleton_(right)	26201
INI25363	Mean_ICVF_in_posterior_limb_of_internal_capsule_on_FA_skeleton_(left)	26201
INI25364	Mean_ICVF_in_retrolenticular_part_of_internal_capsule_on_FA_skeleton_(right)	26201
INI25365	Mean_ICVF_in_retrolenticular_part_of_internal_capsule_on_FA_skeleton_(left)	26201
INI25366	Mean_ICVF_in_anterior_corona_radiata_on_FA_skeleton_(right)	26201
INI25367	Mean_ICVF_in_anterior_corona_radiata_on_FA_skeleton_(left)	26201
INI25368	Mean_ICVF_in_superior_corona_radiata_on_FA_skeleton_(right)	26201
INI25369	Mean_ICVF_in_superior_corona_radiata_on_FA_skeleton_(left)	26201
INI25370	Mean_ICVF_in_posterior_corona_radiata_on_FA_skeleton_(right)	26201
INI25371	Mean_ICVF_in_posterior_corona_radiata_on_FA_skeleton_(left)	26201
INI25372	Mean_ICVF_in_posterior_thalamic_radiation_on_FA_skeleton_(right)	26201
INI25373	Mean_ICVF_in_posterior_thalamic_radiation_on_FA_skeleton_(left)	26201
INI25374	Mean_ICVF_in_sagittal_stratum_on_FA_skeleton_(right)	26201
INI25375	Mean_ICVF_in_sagittal_stratum_on_FA_skeleton_(left)	26201
INI25376	Mean_ICVF_in_external_capsule_on_FA_skeleton_(right)	26201
INI25377	Mean_ICVF_in_external_capsule_on_FA_skeleton_(left)	26201
INI25378	Mean_ICVF_in_cingulum_cingulate_gyrus_on_FA_skeleton_(right)	26201
INI25379	Mean_ICVF_in_cingulum_cingulate_gyrus_on_FA_skeleton_(left)	26201
INI25380	Mean_ICVF_in_cingulum_hippocampus_on_FA_skeleton_(right)	26201
INI25381	Mean_ICVF_in_cingulum_hippocampus_on_FA_skeleton_(left)	26201
INI25382	Mean_ICVF_in_fornix_cres+stria_terminalis_on_FA_skeleton_(right)	26201
INI25383	Mean_ICVF_in_fornix_cres+stria_terminalis_on_FA_skeleton_(left)	26201
INI25384	Mean_ICVF_in_superior_longitudinal_fasciculus_on_FA_skeleton_(right)	26201
INI25385	Mean_ICVF_in_superior_longitudinal_fasciculus_on_FA_skeleton_(left)	26201
INI25386	Mean_ICVF_in_superior_fronto-occipital_fasciculus_on_FA_skeleton_(right)	26201
INI25387	Mean_ICVF_in_superior_fronto-occipital_fasciculus_on_FA_skeleton_(left)	26201
INI25388	Mean_ICVF_in_uncinate_fasciculus_on_FA_skeleton_(right)	26201
INI25389	Mean_ICVF_in_uncinate_fasciculus_on_FA_skeleton_(left)	26201
INI25390	Mean_ICVF_in_tapetum_on_FA_skeleton_(right)	26201
INI25391	Mean_ICVF_in_tapetum_on_FA_skeleton_(left)	26201
INI25440	Mean_ISOVF_in_middle_cerebellar_peduncle_on_FA_skeleton	26201
INI25441	Mean_ISOVF_in_pontine_crossing_tract_on_FA_skeleton	26201
INI25442	Mean_ISOVF_in_genu_of_corpus_callosum_on_FA_skeleton	26201
INI25443	Mean_ISOVF_in_body_of_corpus_callosum_on_FA_skeleton	26201
INI25444	Mean_ISOVF_in_splenium_of_corpus_callosum_on_FA_skeleton	26201
INI25445	Mean_ISOVF_in_fornix_on_FA_skeleton	26201
INI25446	Mean_ISOVF_in_corticospinal_tract_on_FA_skeleton_(right)	26201
INI25447	Mean_ISOVF_in_corticospinal_tract_on_FA_skeleton_(left)	26201
INI25448	Mean_ISOVF_in_medial_lemniscus_on_FA_skeleton_(right)	26201
INI25449	Mean_ISOVF_in_medial_lemniscus_on_FA_skeleton_(left)	26201
INI25450	Mean_ISOVF_in_inferior_cerebellar_peduncle_on_FA_skeleton_(right)	26201
INI25451	Mean_ISOVF_in_inferior_cerebellar_peduncle_on_FA_skeleton_(left)	26201
INI25452	Mean_ISOVF_in_superior_cerebellar_peduncle_on_FA_skeleton_(right)	26201
INI25453	Mean_ISOVF_in_superior_cerebellar_peduncle_on_FA_skeleton_(left)	26201
INI25454	Mean_ISOVF_in_cerebral_peduncle_on_FA_skeleton_(right)	26201
INI25455	Mean_ISOVF_in_cerebral_peduncle_on_FA_skeleton_(left)	26201
INI25456	Mean_ISOVF_in_anterior_limb_of_internal_capsule_on_FA_skeleton_(right)	26201
INI25457	Mean_ISOVF_in_anterior_limb_of_internal_capsule_on_FA_skeleton_(left)	26201
INI25458	Mean_ISOVF_in_posterior_limb_of_internal_capsule_on_FA_skeleton_(right)	26201
INI25459	Mean_ISOVF_in_posterior_limb_of_internal_capsule_on_FA_skeleton_(left)	26201
INI25460	Mean_ISOVF_in_retrolenticular_part_of_internal_capsule_on_FA_skeleton_(right)	26201
INI25461	Mean_ISOVF_in_retrolenticular_part_of_internal_capsule_on_FA_skeleton_(left)	26201
INI25462	Mean_ISOVF_in_anterior_corona_radiata_on_FA_skeleton_(right)	26201
INI25463	Mean_ISOVF_in_anterior_corona_radiata_on_FA_skeleton_(left)	26201
INI25464	Mean_ISOVF_in_superior_corona_radiata_on_FA_skeleton_(right)	26201
INI25465	Mean_ISOVF_in_superior_corona_radiata_on_FA_skeleton_(left)	26201
INI25466	Mean_ISOVF_in_posterior_corona_radiata_on_FA_skeleton_(right)	26201
INI25467	Mean_ISOVF_in_posterior_corona_radiata_on_FA_skeleton_(left)	26201
INI25468	Mean_ISOVF_in_posterior_thalamic_radiation_on_FA_skeleton_(right)	26201
INI25469	Mean_ISOVF_in_posterior_thalamic_radiation_on_FA_skeleton_(left)	26201
INI25470	Mean_ISOVF_in_sagittal_stratum_on_FA_skeleton_(right)	26201
INI25471	Mean_ISOVF_in_sagittal_stratum_on_FA_skeleton_(left)	26201
INI25472	Mean_ISOVF_in_external_capsule_on_FA_skeleton_(right)	26201
INI25473	Mean_ISOVF_in_external_capsule_on_FA_skeleton_(left)	26201
INI25474	Mean_ISOVF_in_cingulum_cingulate_gyrus_on_FA_skeleton_(right)	26201
INI25475	Mean_ISOVF_in_cingulum_cingulate_gyrus_on_FA_skeleton_(left)	26201
INI25476	Mean_ISOVF_in_cingulum_hippocampus_on_FA_skeleton_(right)	26201
INI25477	Mean_ISOVF_in_cingulum_hippocampus_on_FA_skeleton_(left)	26201
INI25478	Mean_ISOVF_in_fornix_cres+stria_terminalis_on_FA_skeleton_(right)	26201
INI25479	Mean_ISOVF_in_fornix_cres+stria_terminalis_on_FA_skeleton_(left)	26201
INI25482	Mean_ISOVF_in_superior_fronto-occipital_fasciculus_on_FA_skeleton_(right)	26201
INI25483	Mean_ISOVF_in_superior_fronto-occipital_fasciculus_on_FA_skeleton_(left)	26201
INI25488	Weighted-mean_FA_in_tract_acoustic_radiation_(left)	26202
INI25489	Weighted-mean_FA_in_tract_acoustic_radiation_(right)	26202
INI25490	Weighted-mean_FA_in_tract_anterior_thalamic_radiation_(left)	26202
INI25491	Weighted-mean_FA_in_tract_anterior_thalamic_radiation_(right)	26202
INI25492	Weighted-mean_FA_in_tract_cingulate_gyrus_part_of_cingulum_(left)	26202
INI25493	Weighted-mean_FA_in_tract_cingulate_gyrus_part_of_cingulum_(right)	26202
INI25494	Weighted-mean_FA_in_tract_parahippocampal_part_of_cingulum_(left)	26202
INI25495	Weighted-mean_FA_in_tract_parahippocampal_part_of_cingulum_(right)	26202
INI25496	Weighted-mean_FA_in_tract_corticospinal_tract_(left)	26202
INI25497	Weighted-mean_FA_in_tract_corticospinal_tract_(right)	26202
INI25498	Weighted-mean_FA_in_tract_forceps_major	26202
INI25499	Weighted-mean_FA_in_tract_forceps_minor	26202
INI25500	Weighted-mean_FA_in_tract_inferior_fronto-occipital_fasciculus_(left)	26202
INI25501	Weighted-mean_FA_in_tract_inferior_fronto-occipital_fasciculus_(right)	26202
INI25502	Weighted-mean_FA_in_tract_inferior_longitudinal_fasciculus_(left)	26202
INI25503	Weighted-mean_FA_in_tract_inferior_longitudinal_fasciculus_(right)	26202
INI25504	Weighted-mean_FA_in_tract_middle_cerebellar_peduncle	26202
INI25505	Weighted-mean_FA_in_tract_medial_lemniscus_(left)	26202
INI25506	Weighted-mean_FA_in_tract_medial_lemniscus_(right)	26202
INI25507	Weighted-mean_FA_in_tract_posterior_thalamic_radiation_(left)	26202
INI25508	Weighted-mean_FA_in_tract_posterior_thalamic_radiation_(right)	26202
INI25509	Weighted-mean_FA_in_tract_superior_longitudinal_fasciculus_(left)	26202
INI25510	Weighted-mean_FA_in_tract_superior_longitudinal_fasciculus_(right)	26202
INI25511	Weighted-mean_FA_in_tract_superior_thalamic_radiation_(left)	26202
INI25512	Weighted-mean_FA_in_tract_superior_thalamic_radiation_(right)	26202
INI25513	Weighted-mean_FA_in_tract_uncinate_fasciculus_(left)	26202
INI25514	Weighted-mean_FA_in_tract_uncinate_fasciculus_(right)	26202
INI25515	Weighted-mean_MD_in_tract_acoustic_radiation_(left)	26202
INI25516	Weighted-mean_MD_in_tract_acoustic_radiation_(right)	26202
INI25517	Weighted-mean_MD_in_tract_anterior_thalamic_radiation_(left)	26202
INI25518	Weighted-mean_MD_in_tract_anterior_thalamic_radiation_(right)	26202
INI25519	Weighted-mean_MD_in_tract_cingulate_gyrus_part_of_cingulum_(left)	26202
INI25520	Weighted-mean_MD_in_tract_cingulate_gyrus_part_of_cingulum_(right)	26202
INI25521	Weighted-mean_MD_in_tract_parahippocampal_part_of_cingulum_(left)	26202
INI25522	Weighted-mean_MD_in_tract_parahippocampal_part_of_cingulum_(right)	26202
INI25523	Weighted-mean_MD_in_tract_corticospinal_tract_(left)	26202
INI25524	Weighted-mean_MD_in_tract_corticospinal_tract_(right)	26202
INI25525	Weighted-mean_MD_in_tract_forceps_major	26202
INI25526	Weighted-mean_MD_in_tract_forceps_minor	26202
INI25527	Weighted-mean_MD_in_tract_inferior_fronto-occipital_fasciculus_(left)	26202
INI25528	Weighted-mean_MD_in_tract_inferior_fronto-occipital_fasciculus_(right)	26202
INI25529	Weighted-mean_MD_in_tract_inferior_longitudinal_fasciculus_(left)	26202
INI25530	Weighted-mean_MD_in_tract_inferior_longitudinal_fasciculus_(right)	26202
INI25531	Weighted-mean_MD_in_tract_middle_cerebellar_peduncle	26202
INI25532	Weighted-mean_MD_in_tract_medial_lemniscus_(left)	26202
INI25533	Weighted-mean_MD_in_tract_medial_lemniscus_(right)	26202
INI25534	Weighted-mean_MD_in_tract_posterior_thalamic_radiation_(left)	26202
INI25535	Weighted-mean_MD_in_tract_posterior_thalamic_radiation_(right)	26202
INI25536	Weighted-mean_MD_in_tract_superior_longitudinal_fasciculus_(left)	26202
INI25537	Weighted-mean_MD_in_tract_superior_longitudinal_fasciculus_(right)	26202
INI25538	Weighted-mean_MD_in_tract_superior_thalamic_radiation_(left)	26202
INI25539	Weighted-mean_MD_in_tract_superior_thalamic_radiation_(right)	26202
INI25540	Weighted-mean_MD_in_tract_uncinate_fasciculus_(left)	26202
INI25541	Weighted-mean_MD_in_tract_uncinate_fasciculus_(right)	26202
INI25542	Weighted-mean_MO_in_tract_acoustic_radiation_(left)	26202
INI25543	Weighted-mean_MO_in_tract_acoustic_radiation_(right)	26202
INI25544	Weighted-mean_MO_in_tract_anterior_thalamic_radiation_(left)	26202
INI25545	Weighted-mean_MO_in_tract_anterior_thalamic_radiation_(right)	26202
INI25546	Weighted-mean_MO_in_tract_cingulate_gyrus_part_of_cingulum_(left)	26202
INI25547	Weighted-mean_MO_in_tract_cingulate_gyrus_part_of_cingulum_(right)	26202
INI25548	Weighted-mean_MO_in_tract_parahippocampal_part_of_cingulum_(left)	26202
INI25549	Weighted-mean_MO_in_tract_parahippocampal_part_of_cingulum_(right)	26202
INI25550	Weighted-mean_MO_in_tract_corticospinal_tract_(left)	26202
INI25551	Weighted-mean_MO_in_tract_corticospinal_tract_(right)	26202
INI25552	Weighted-mean_MO_in_tract_forceps_major	26202
INI25553	Weighted-mean_MO_in_tract_forceps_minor	26202
INI25554	Weighted-mean_MO_in_tract_inferior_fronto-occipital_fasciculus_(left)	26202
INI25555	Weighted-mean_MO_in_tract_inferior_fronto-occipital_fasciculus_(right)	26202
INI25556	Weighted-mean_MO_in_tract_inferior_longitudinal_fasciculus_(left)	26202
INI25557	Weighted-mean_MO_in_tract_inferior_longitudinal_fasciculus_(right)	26202
INI25558	Weighted-mean_MO_in_tract_middle_cerebellar_peduncle	26202
INI25559	Weighted-mean_MO_in_tract_medial_lemniscus_(left)	26202
INI25560	Weighted-mean_MO_in_tract_medial_lemniscus_(right)	26202
INI25561	Weighted-mean_MO_in_tract_posterior_thalamic_radiation_(left)	26202
INI25562	Weighted-mean_MO_in_tract_posterior_thalamic_radiation_(right)	26202
INI25563	Weighted-mean_MO_in_tract_superior_longitudinal_fasciculus_(left)	26202
INI25564	Weighted-mean_MO_in_tract_superior_longitudinal_fasciculus_(right)	26202
INI25565	Weighted-mean_MO_in_tract_superior_thalamic_radiation_(left)	26202
INI25566	Weighted-mean_MO_in_tract_superior_thalamic_radiation_(right)	26202
INI25567	Weighted-mean_MO_in_tract_uncinate_fasciculus_(left)	26202
INI25568	Weighted-mean_MO_in_tract_uncinate_fasciculus_(right)	26202
INI25569	Weighted-mean_L1_in_tract_acoustic_radiation_(left)	26202
INI25570	Weighted-mean_L1_in_tract_acoustic_radiation_(right)	26202
INI25571	Weighted-mean_L1_in_tract_anterior_thalamic_radiation_(left)	26202
INI25572	Weighted-mean_L1_in_tract_anterior_thalamic_radiation_(right)	26202
INI25573	Weighted-mean_L1_in_tract_cingulate_gyrus_part_of_cingulum_(left)	26202
INI25574	Weighted-mean_L1_in_tract_cingulate_gyrus_part_of_cingulum_(right)	26202
INI25575	Weighted-mean_L1_in_tract_parahippocampal_part_of_cingulum_(left)	26202
INI25576	Weighted-mean_L1_in_tract_parahippocampal_part_of_cingulum_(right)	26202
INI25577	Weighted-mean_L1_in_tract_corticospinal_tract_(left)	26202
INI25578	Weighted-mean_L1_in_tract_corticospinal_tract_(right)	26202
INI25579	Weighted-mean_L1_in_tract_forceps_major	26202
INI25580	Weighted-mean_L1_in_tract_forceps_minor	26202
INI25581	Weighted-mean_L1_in_tract_inferior_fronto-occipital_fasciculus_(left)	26202
INI25582	Weighted-mean_L1_in_tract_inferior_fronto-occipital_fasciculus_(right)	26202
INI25583	Weighted-mean_L1_in_tract_inferior_longitudinal_fasciculus_(left)	26202
INI25584	Weighted-mean_L1_in_tract_inferior_longitudinal_fasciculus_(right)	26202
INI25585	Weighted-mean_L1_in_tract_middle_cerebellar_peduncle	26202
INI25586	Weighted-mean_L1_in_tract_medial_lemniscus_(left)	26202
INI25587	Weighted-mean_L1_in_tract_medial_lemniscus_(right)	26202
INI25588	Weighted-mean_L1_in_tract_posterior_thalamic_radiation_(left)	26202
INI25589	Weighted-mean_L1_in_tract_posterior_thalamic_radiation_(right)	26202
INI25590	Weighted-mean_L1_in_tract_superior_longitudinal_fasciculus_(left)	26202
INI25591	Weighted-mean_L1_in_tract_superior_longitudinal_fasciculus_(right)	26202
INI25592	Weighted-mean_L1_in_tract_superior_thalamic_radiation_(left)	26202
INI25593	Weighted-mean_L1_in_tract_superior_thalamic_radiation_(right)	26202
INI25594	Weighted-mean_L1_in_tract_uncinate_fasciculus_(left)	26202
INI25595	Weighted-mean_L1_in_tract_uncinate_fasciculus_(right)	26202
INI25596	Weighted-mean_L2_in_tract_acoustic_radiation_(left)	26202
INI25597	Weighted-mean_L2_in_tract_acoustic_radiation_(right)	26202
INI25598	Weighted-mean_L2_in_tract_anterior_thalamic_radiation_(left)	26202
INI25599	Weighted-mean_L2_in_tract_anterior_thalamic_radiation_(right)	26202
INI25600	Weighted-mean_L2_in_tract_cingulate_gyrus_part_of_cingulum_(left)	26202
INI25601	Weighted-mean_L2_in_tract_cingulate_gyrus_part_of_cingulum_(right)	26202
INI25602	Weighted-mean_L2_in_tract_parahippocampal_part_of_cingulum_(left)	26202
INI25603	Weighted-mean_L2_in_tract_parahippocampal_part_of_cingulum_(right)	26202
INI25604	Weighted-mean_L2_in_tract_corticospinal_tract_(left)	26202
INI25605	Weighted-mean_L2_in_tract_corticospinal_tract_(right)	26202
INI25606	Weighted-mean_L2_in_tract_forceps_major	26202
INI25607	Weighted-mean_L2_in_tract_forceps_minor	26202
INI25608	Weighted-mean_L2_in_tract_inferior_fronto-occipital_fasciculus_(left)	26202
INI25609	Weighted-mean_L2_in_tract_inferior_fronto-occipital_fasciculus_(right)	26202
INI25610	Weighted-mean_L2_in_tract_inferior_longitudinal_fasciculus_(left)	26202
INI25611	Weighted-mean_L2_in_tract_inferior_longitudinal_fasciculus_(right)	26202
INI25612	Weighted-mean_L2_in_tract_middle_cerebellar_peduncle	26202
INI25613	Weighted-mean_L2_in_tract_medial_lemniscus_(left)	26202
INI25614	Weighted-mean_L2_in_tract_medial_lemniscus_(right)	26202
INI25615	Weighted-mean_L2_in_tract_posterior_thalamic_radiation_(left)	26202
INI25616	Weighted-mean_L2_in_tract_posterior_thalamic_radiation_(right)	26202
INI25617	Weighted-mean_L2_in_tract_superior_longitudinal_fasciculus_(left)	26202
INI25618	Weighted-mean_L2_in_tract_superior_longitudinal_fasciculus_(right)	26202
INI25619	Weighted-mean_L2_in_tract_superior_thalamic_radiation_(left)	26202
INI25620	Weighted-mean_L2_in_tract_superior_thalamic_radiation_(right)	26202
INI25621	Weighted-mean_L2_in_tract_uncinate_fasciculus_(left)	26202
INI25622	Weighted-mean_L2_in_tract_uncinate_fasciculus_(right)	26202
INI25623	Weighted-mean_L3_in_tract_acoustic_radiation_(left)	26202
INI25624	Weighted-mean_L3_in_tract_acoustic_radiation_(right)	26202
INI25625	Weighted-mean_L3_in_tract_anterior_thalamic_radiation_(left)	26202
INI25626	Weighted-mean_L3_in_tract_anterior_thalamic_radiation_(right)	26202
INI25627	Weighted-mean_L3_in_tract_cingulate_gyrus_part_of_cingulum_(left)	26202
INI25628	Weighted-mean_L3_in_tract_cingulate_gyrus_part_of_cingulum_(right)	26202
INI25629	Weighted-mean_L3_in_tract_parahippocampal_part_of_cingulum_(left)	26202
INI25630	Weighted-mean_L3_in_tract_parahippocampal_part_of_cingulum_(right)	26202
INI25631	Weighted-mean_L3_in_tract_corticospinal_tract_(left)	26202
INI25632	Weighted-mean_L3_in_tract_corticospinal_tract_(right)	26202
INI25633	Weighted-mean_L3_in_tract_forceps_major	26202
INI25634	Weighted-mean_L3_in_tract_forceps_minor	26202
INI25635	Weighted-mean_L3_in_tract_inferior_fronto-occipital_fasciculus_(left)	26202
INI25636	Weighted-mean_L3_in_tract_inferior_fronto-occipital_fasciculus_(right)	26202
INI25637	Weighted-mean_L3_in_tract_inferior_longitudinal_fasciculus_(left)	26202
INI25638	Weighted-mean_L3_in_tract_inferior_longitudinal_fasciculus_(right)	26202
INI25639	Weighted-mean_L3_in_tract_middle_cerebellar_peduncle	26202
INI25640	Weighted-mean_L3_in_tract_medial_lemniscus_(left)	26202
INI25641	Weighted-mean_L3_in_tract_medial_lemniscus_(right)	26202
INI25642	Weighted-mean_L3_in_tract_posterior_thalamic_radiation_(left)	26202
INI25643	Weighted-mean_L3_in_tract_posterior_thalamic_radiation_(right)	26202
INI25644	Weighted-mean_L3_in_tract_superior_longitudinal_fasciculus_(left)	26202
INI25645	Weighted-mean_L3_in_tract_superior_longitudinal_fasciculus_(right)	26202
INI25646	Weighted-mean_L3_in_tract_superior_thalamic_radiation_(left)	26202
INI25647	Weighted-mean_L3_in_tract_superior_thalamic_radiation_(right)	26202
INI25648	Weighted-mean_L3_in_tract_uncinate_fasciculus_(left)	26202
INI25649	Weighted-mean_L3_in_tract_uncinate_fasciculus_(right)	26202
INI25650	Weighted-mean_ICVF_in_tract_acoustic_radiation_(left)	26201
INI25651	Weighted-mean_ICVF_in_tract_acoustic_radiation_(right)	26201
INI25652	Weighted-mean_ICVF_in_tract_anterior_thalamic_radiation_(left)	26201
INI25653	Weighted-mean_ICVF_in_tract_anterior_thalamic_radiation_(right)	26201
INI25654	Weighted-mean_ICVF_in_tract_cingulate_gyrus_part_of_cingulum_(left)	26201
INI25655	Weighted-mean_ICVF_in_tract_cingulate_gyrus_part_of_cingulum_(right)	26201
INI25656	Weighted-mean_ICVF_in_tract_parahippocampal_part_of_cingulum_(left)	26201
INI25657	Weighted-mean_ICVF_in_tract_parahippocampal_part_of_cingulum_(right)	26201
INI25658	Weighted-mean_ICVF_in_tract_corticospinal_tract_(left)	26201
INI25659	Weighted-mean_ICVF_in_tract_corticospinal_tract_(right)	26201
INI25660	Weighted-mean_ICVF_in_tract_forceps_major	26201
INI25661	Weighted-mean_ICVF_in_tract_forceps_minor	26201
INI25662	Weighted-mean_ICVF_in_tract_inferior_fronto-occipital_fasciculus_(left)	26201
INI25663	Weighted-mean_ICVF_in_tract_inferior_fronto-occipital_fasciculus_(right)	26201
INI25664	Weighted-mean_ICVF_in_tract_inferior_longitudinal_fasciculus_(left)	26201
INI25665	Weighted-mean_ICVF_in_tract_inferior_longitudinal_fasciculus_(right)	26201
INI25666	Weighted-mean_ICVF_in_tract_middle_cerebellar_peduncle	26201
INI25667	Weighted-mean_ICVF_in_tract_medial_lemniscus_(left)	26201
INI25668	Weighted-mean_ICVF_in_tract_medial_lemniscus_(right)	26201
INI25669	Weighted-mean_ICVF_in_tract_posterior_thalamic_radiation_(left)	26201
INI25670	Weighted-mean_ICVF_in_tract_posterior_thalamic_radiation_(right)	26201
INI25671	Weighted-mean_ICVF_in_tract_superior_longitudinal_fasciculus_(left)	26201
INI25672	Weighted-mean_ICVF_in_tract_superior_longitudinal_fasciculus_(right)	26201
INI25673	Weighted-mean_ICVF_in_tract_superior_thalamic_radiation_(left)	26201
INI25674	Weighted-mean_ICVF_in_tract_superior_thalamic_radiation_(right)	26201
INI25675	Weighted-mean_ICVF_in_tract_uncinate_fasciculus_(left)	26201
INI25676	Weighted-mean_ICVF_in_tract_uncinate_fasciculus_(right)	26201
INI25677	Weighted-mean_OD_in_tract_acoustic_radiation_(left)	26201
INI25678	Weighted-mean_OD_in_tract_acoustic_radiation_(right)	26201
INI25679	Weighted-mean_OD_in_tract_anterior_thalamic_radiation_(left)	26201
INI25680	Weighted-mean_OD_in_tract_anterior_thalamic_radiation_(right)	26201
INI25681	Weighted-mean_OD_in_tract_cingulate_gyrus_part_of_cingulum_(left)	26201
INI25682	Weighted-mean_OD_in_tract_cingulate_gyrus_part_of_cingulum_(right)	26201
INI25683	Weighted-mean_OD_in_tract_parahippocampal_part_of_cingulum_(left)	26201
INI25684	Weighted-mean_OD_in_tract_parahippocampal_part_of_cingulum_(right)	26201
INI25685	Weighted-mean_OD_in_tract_corticospinal_tract_(left)	26201
INI25686	Weighted-mean_OD_in_tract_corticospinal_tract_(right)	26201
INI25687	Weighted-mean_OD_in_tract_forceps_major	26201
INI25688	Weighted-mean_OD_in_tract_forceps_minor	26201
INI25689	Weighted-mean_OD_in_tract_inferior_fronto-occipital_fasciculus_(left)	26201
INI25690	Weighted-mean_OD_in_tract_inferior_fronto-occipital_fasciculus_(right)	26201
INI25691	Weighted-mean_OD_in_tract_inferior_longitudinal_fasciculus_(left)	26201
INI25692	Weighted-mean_OD_in_tract_inferior_longitudinal_fasciculus_(right)	26201
INI25693	Weighted-mean_OD_in_tract_middle_cerebellar_peduncle	26201
INI25694	Weighted-mean_OD_in_tract_medial_lemniscus_(left)	26201
INI25695	Weighted-mean_OD_in_tract_medial_lemniscus_(right)	26201
INI25696	Weighted-mean_OD_in_tract_posterior_thalamic_radiation_(left)	26201
INI25697	Weighted-mean_OD_in_tract_posterior_thalamic_radiation_(right)	26201
INI25698	Weighted-mean_OD_in_tract_superior_longitudinal_fasciculus_(left)	26201
INI25699	Weighted-mean_OD_in_tract_superior_longitudinal_fasciculus_(right)	26201
INI25700	Weighted-mean_OD_in_tract_superior_thalamic_radiation_(left)	26201
INI25701	Weighted-mean_OD_in_tract_superior_thalamic_radiation_(right)	26201
INI25702	Weighted-mean_OD_in_tract_uncinate_fasciculus_(left)	26201
INI25703	Weighted-mean_OD_in_tract_uncinate_fasciculus_(right)	26201
INI25704	Weighted-mean_ISOVF_in_tract_acoustic_radiation_(left)	26201
INI25705	Weighted-mean_ISOVF_in_tract_acoustic_radiation_(right)	26201
INI25706	Weighted-mean_ISOVF_in_tract_anterior_thalamic_radiation_(left)	26201
INI25707	Weighted-mean_ISOVF_in_tract_anterior_thalamic_radiation_(right)	26201
INI25708	Weighted-mean_ISOVF_in_tract_cingulate_gyrus_part_of_cingulum_(left)	26201
INI25709	Weighted-mean_ISOVF_in_tract_cingulate_gyrus_part_of_cingulum_(right)	26201
INI25710	Weighted-mean_ISOVF_in_tract_parahippocampal_part_of_cingulum_(left)	26201
INI25711	Weighted-mean_ISOVF_in_tract_parahippocampal_part_of_cingulum_(right)	26201
INI25712	Weighted-mean_ISOVF_in_tract_corticospinal_tract_(left)	26201
INI25713	Weighted-mean_ISOVF_in_tract_corticospinal_tract_(right)	26201
INI25714	Weighted-mean_ISOVF_in_tract_forceps_major	26201
INI25715	Weighted-mean_ISOVF_in_tract_forceps_minor	26201
INI25716	Weighted-mean_ISOVF_in_tract_inferior_fronto-occipital_fasciculus_(left)	26201
INI25717	Weighted-mean_ISOVF_in_tract_inferior_fronto-occipital_fasciculus_(right)	26201
INI25718	Weighted-mean_ISOVF_in_tract_inferior_longitudinal_fasciculus_(left)	26201
INI25719	Weighted-mean_ISOVF_in_tract_inferior_longitudinal_fasciculus_(right)	26201
INI25720	Weighted-mean_ISOVF_in_tract_middle_cerebellar_peduncle	26201
INI25721	Weighted-mean_ISOVF_in_tract_medial_lemniscus_(left)	26201
INI25722	Weighted-mean_ISOVF_in_tract_medial_lemniscus_(right)	26201
INI25723	Weighted-mean_ISOVF_in_tract_posterior_thalamic_radiation_(left)	26201
INI25724	Weighted-mean_ISOVF_in_tract_posterior_thalamic_radiation_(right)	26201
INI25725	Weighted-mean_ISOVF_in_tract_superior_longitudinal_fasciculus_(left)	26201
INI25726	Weighted-mean_ISOVF_in_tract_superior_longitudinal_fasciculus_(right)	26201
INI25727	Weighted-mean_ISOVF_in_tract_superior_thalamic_radiation_(left)	26201
INI25728	Weighted-mean_ISOVF_in_tract_superior_thalamic_radiation_(right)	26201
INI25729	Weighted-mean_ISOVF_in_tract_uncinate_fasciculus_(left)	26201
INI25730	Weighted-mean_ISOVF_in_tract_uncinate_fasciculus_(right)	26201
INI25734	Inverted_signal-to-noise_ratio_in_T1	27769
INI25735	Inverted_contrast-to-noise_ratio_in_T1	27769
INI25741	Mean_rfMRI_head_motion,_averaged_across_space_and_time_points	26525
INI25742	Mean_tfMRI_head_motion,_averaged_across_space_and_time_points	23112
INI25744	Inverted_temporal_signal-to-noise_ratio_in_artefact-cleaned_pre-processed_rfMRI	26524
INI25761	90th_percentile_of_BOLD_effect_(in_group-defined_mask)_for_shapes_activation	23102
INI25762	90th_percentile_of_z-statistic_(in_group-defined_mask)_for_shapes_activation	23102
INI25763	90th_percentile_of_BOLD_effect_(in_group-defined_mask)_for_faces_activation	23102
INI25764	90th_percentile_of_z-statistic_(in_group-defined_mask)_for_faces_activation	23102
INI25765	90th_percentile_of_BOLD_effect_(in_group-defined_mask)_for_faces-shapes_contrast	23102
INI25766	90th_percentile_of_z-statistic_(in_group-defined_mask)_for_faces-shapes_contrast	23102
INI25767	90th_percentile_of_BOLD_effect_(in_group-defined_amygdala_activation_mask)_for_faces-shapes_contrast	23102
INI25768	90th_percentile_of_z-statistic_(in_group-defined_amygdala_activation_mask)_for_faces-shapes_contrast	23102
INI25781	Total_volume_of_white_matter_hyperintensities_(from_T1_and_T2_FLAIR_images)	26830
INI25782	Volume_of_grey_matter_in_Frontal_Pole_(left)	27764
INI25783	Volume_of_grey_matter_in_Frontal_Pole_(right)	27764
INI25784	Volume_of_grey_matter_in_Insular_Cortex_(left)	27764
INI25785	Volume_of_grey_matter_in_Insular_Cortex_(right)	27764
INI25786	Volume_of_grey_matter_in_Superior_Frontal_Gyrus_(left)	27764
INI25787	Volume_of_grey_matter_in_Superior_Frontal_Gyrus_(right)	27764
INI25788	Volume_of_grey_matter_in_Middle_Frontal_Gyrus_(left)	27764
INI25789	Volume_of_grey_matter_in_Middle_Frontal_Gyrus_(right)	27764
INI25790	Volume_of_grey_matter_in_Inferior_Frontal_Gyrus,_pars_triangularis_(left)	27764
INI25791	Volume_of_grey_matter_in_Inferior_Frontal_Gyrus,_pars_triangularis_(right)	27764
INI25792	Volume_of_grey_matter_in_Inferior_Frontal_Gyrus,_pars_opercularis_(left)	27764
INI25793	Volume_of_grey_matter_in_Inferior_Frontal_Gyrus,_pars_opercularis_(right)	27764
INI25794	Volume_of_grey_matter_in_Precentral_Gyrus_(left)	27764
INI25795	Volume_of_grey_matter_in_Precentral_Gyrus_(right)	27764
INI25796	Volume_of_grey_matter_in_Temporal_Pole_(left)	27764
INI25797	Volume_of_grey_matter_in_Temporal_Pole_(right)	27764
INI25798	Volume_of_grey_matter_in_Superior_Temporal_Gyrus,_anterior_division_(left)	27764
INI25799	Volume_of_grey_matter_in_Superior_Temporal_Gyrus,_anterior_division_(right)	27764
INI25800	Volume_of_grey_matter_in_Superior_Temporal_Gyrus,_posterior_division_(left)	27764
INI25801	Volume_of_grey_matter_in_Superior_Temporal_Gyrus,_posterior_division_(right)	27764
INI25802	Volume_of_grey_matter_in_Middle_Temporal_Gyrus,_anterior_division_(left)	27764
INI25803	Volume_of_grey_matter_in_Middle_Temporal_Gyrus,_anterior_division_(right)	27764
INI25804	Volume_of_grey_matter_in_Middle_Temporal_Gyrus,_posterior_division_(left)	27764
INI25805	Volume_of_grey_matter_in_Middle_Temporal_Gyrus,_posterior_division_(right)	27764
INI25806	Volume_of_grey_matter_in_Middle_Temporal_Gyrus,_temporooccipital_part_(left)	27764
INI25807	Volume_of_grey_matter_in_Middle_Temporal_Gyrus,_temporooccipital_part_(right)	27764
INI25808	Volume_of_grey_matter_in_Inferior_Temporal_Gyrus,_anterior_division_(left)	27764
INI25809	Volume_of_grey_matter_in_Inferior_Temporal_Gyrus,_anterior_division_(right)	27764
INI25810	Volume_of_grey_matter_in_Inferior_Temporal_Gyrus,_posterior_division_(left)	27764
INI25811	Volume_of_grey_matter_in_Inferior_Temporal_Gyrus,_posterior_division_(right)	27764
INI25812	Volume_of_grey_matter_in_Inferior_Temporal_Gyrus,_temporooccipital_part_(left)	27764
INI25813	Volume_of_grey_matter_in_Inferior_Temporal_Gyrus,_temporooccipital_part_(right)	27764
INI25814	Volume_of_grey_matter_in_Postcentral_Gyrus_(left)	27764
INI25815	Volume_of_grey_matter_in_Postcentral_Gyrus_(right)	27764
INI25816	Volume_of_grey_matter_in_Superior_Parietal_Lobule_(left)	27764
INI25817	Volume_of_grey_matter_in_Superior_Parietal_Lobule_(right)	27764
INI25818	Volume_of_grey_matter_in_Supramarginal_Gyrus,_anterior_division_(left)	27764
INI25819	Volume_of_grey_matter_in_Supramarginal_Gyrus,_anterior_division_(right)	27764
INI25820	Volume_of_grey_matter_in_Supramarginal_Gyrus,_posterior_division_(left)	27764
INI25821	Volume_of_grey_matter_in_Supramarginal_Gyrus,_posterior_division_(right)	27764
INI25822	Volume_of_grey_matter_in_Angular_Gyrus_(left)	27764
INI25823	Volume_of_grey_matter_in_Angular_Gyrus_(right)	27764
INI25824	Volume_of_grey_matter_in_Lateral_Occipital_Cortex,_superior_division_(left)	27764
INI25825	Volume_of_grey_matter_in_Lateral_Occipital_Cortex,_superior_division_(right)	27764
INI25826	Volume_of_grey_matter_in_Lateral_Occipital_Cortex,_inferior_division_(left)	27764
INI25827	Volume_of_grey_matter_in_Lateral_Occipital_Cortex,_inferior_division_(right)	27764
INI25828	Volume_of_grey_matter_in_Intracalcarine_Cortex_(left)	27764
INI25829	Volume_of_grey_matter_in_Intracalcarine_Cortex_(right)	27764
INI25830	Volume_of_grey_matter_in_Frontal_Medial_Cortex_(left)	27764
INI25831	Volume_of_grey_matter_in_Frontal_Medial_Cortex_(right)	27764
INI25832	Volume_of_grey_matter_in_Juxtapositional_Lobule_Cortex_(formerly_Supplementary_Motor_Cortex)_(left)	27764
INI25833	Volume_of_grey_matter_in_Juxtapositional_Lobule_Cortex_(formerly_Supplementary_Motor_Cortex)_(right)	27764
INI25834	Volume_of_grey_matter_in_Subcallosal_Cortex_(left)	27764
INI25835	Volume_of_grey_matter_in_Subcallosal_Cortex_(right)	27764
INI25836	Volume_of_grey_matter_in_Paracingulate_Gyrus_(left)	27764
INI25837	Volume_of_grey_matter_in_Paracingulate_Gyrus_(right)	27764
INI25838	Volume_of_grey_matter_in_Cingulate_Gyrus,_anterior_division_(left)	27764
INI25839	Volume_of_grey_matter_in_Cingulate_Gyrus,_anterior_division_(right)	27764
INI25840	Volume_of_grey_matter_in_Cingulate_Gyrus,_posterior_division_(left)	27764
INI25841	Volume_of_grey_matter_in_Cingulate_Gyrus,_posterior_division_(right)	27764
INI25842	Volume_of_grey_matter_in_Precuneous_Cortex_(left)	27764
INI25843	Volume_of_grey_matter_in_Precuneous_Cortex_(right)	27764
INI25844	Volume_of_grey_matter_in_Cuneal_Cortex_(left)	27764
INI25845	Volume_of_grey_matter_in_Cuneal_Cortex_(right)	27764
INI25846	Volume_of_grey_matter_in_Frontal_Orbital_Cortex_(left)	27764
INI25847	Volume_of_grey_matter_in_Frontal_Orbital_Cortex_(right)	27764
INI25848	Volume_of_grey_matter_in_Parahippocampal_Gyrus,_anterior_division_(left)	27764
INI25849	Volume_of_grey_matter_in_Parahippocampal_Gyrus,_anterior_division_(right)	27764
INI25850	Volume_of_grey_matter_in_Parahippocampal_Gyrus,_posterior_division_(left)	27764
INI25851	Volume_of_grey_matter_in_Parahippocampal_Gyrus,_posterior_division_(right)	27764
INI25852	Volume_of_grey_matter_in_Lingual_Gyrus_(left)	27764
INI25853	Volume_of_grey_matter_in_Lingual_Gyrus_(right)	27764
INI25854	Volume_of_grey_matter_in_Temporal_Fusiform_Cortex,_anterior_division_(left)	27764
INI25855	Volume_of_grey_matter_in_Temporal_Fusiform_Cortex,_anterior_division_(right)	27764
INI25856	Volume_of_grey_matter_in_Temporal_Fusiform_Cortex,_posterior_division_(left)	27764
INI25857	Volume_of_grey_matter_in_Temporal_Fusiform_Cortex,_posterior_division_(right)	27764
INI25858	Volume_of_grey_matter_in_Temporal_Occipital_Fusiform_Cortex_(left)	27764
INI25859	Volume_of_grey_matter_in_Temporal_Occipital_Fusiform_Cortex_(right)	27764
INI25860	Volume_of_grey_matter_in_Occipital_Fusiform_Gyrus_(left)	27764
INI25861	Volume_of_grey_matter_in_Occipital_Fusiform_Gyrus_(right)	27764
INI25862	Volume_of_grey_matter_in_Frontal_Operculum_Cortex_(left)	27764
INI25863	Volume_of_grey_matter_in_Frontal_Operculum_Cortex_(right)	27764
INI25864	Volume_of_grey_matter_in_Central_Opercular_Cortex_(left)	27764
INI25865	Volume_of_grey_matter_in_Central_Opercular_Cortex_(right)	27764
INI25866	Volume_of_grey_matter_in_Parietal_Operculum_Cortex_(left)	27764
INI25867	Volume_of_grey_matter_in_Parietal_Operculum_Cortex_(right)	27764
INI25868	Volume_of_grey_matter_in_Planum_Polare_(left)	27764
INI25869	Volume_of_grey_matter_in_Planum_Polare_(right)	27764
INI25870	Volume_of_grey_matter_in_Heschl's_Gyrus_(includes_H1_and_H2)_(left)	27764
INI25871	Volume_of_grey_matter_in_Heschl's_Gyrus_(includes_H1_and_H2)_(right)	27764
INI25872	Volume_of_grey_matter_in_Planum_Temporale_(left)	27764
INI25873	Volume_of_grey_matter_in_Planum_Temporale_(right)	27764
INI25874	Volume_of_grey_matter_in_Supracalcarine_Cortex_(left)	27764
INI25875	Volume_of_grey_matter_in_Supracalcarine_Cortex_(right)	27764
INI25876	Volume_of_grey_matter_in_Occipital_Pole_(left)	27764
INI25877	Volume_of_grey_matter_in_Occipital_Pole_(right)	27764
INI25878	Volume_of_grey_matter_in_Thalamus_(left)	27764
INI25879	Volume_of_grey_matter_in_Thalamus_(right)	27764
INI25880	Volume_of_grey_matter_in_Caudate_(left)	27764
INI25881	Volume_of_grey_matter_in_Caudate_(right)	27764
INI25882	Volume_of_grey_matter_in_Putamen_(left)	27764
INI25883	Volume_of_grey_matter_in_Putamen_(right)	27764
INI25884	Volume_of_grey_matter_in_Pallidum_(left)	27764
INI25885	Volume_of_grey_matter_in_Pallidum_(right)	27764
INI25886	Volume_of_grey_matter_in_Hippocampus_(left)	27764
INI25887	Volume_of_grey_matter_in_Hippocampus_(right)	27764
INI25888	Volume_of_grey_matter_in_Amygdala_(left)	27764
INI25889	Volume_of_grey_matter_in_Amygdala_(right)	27764
INI25890	Volume_of_grey_matter_in_Ventral_Striatum_(left)	27764
INI25891	Volume_of_grey_matter_in_Ventral_Striatum_(right)	27764
INI25892	Volume_of_grey_matter_in_Brain-Stem	27764
INI25893	Volume_of_grey_matter_in_I-IV_Cerebellum_(left)	27764
INI25894	Volume_of_grey_matter_in_I-IV_Cerebellum_(right)	27764
INI25895	Volume_of_grey_matter_in_V_Cerebellum_(left)	27764
INI25896	Volume_of_grey_matter_in_V_Cerebellum_(right)	27764
INI25897	Volume_of_grey_matter_in_VI_Cerebellum_(left)	27764
INI25898	Volume_of_grey_matter_in_Vermis_VI_Cerebellum	27764
INI25899	Volume_of_grey_matter_in_VI_Cerebellum_(right)	27764
INI25900	Volume_of_grey_matter_in_Crus_I_Cerebellum_(left)	27764
INI25901	Volume_of_grey_matter_in_Vermis_Crus_I_Cerebellum	27764
INI25902	Volume_of_grey_matter_in_Crus_I_Cerebellum_(right)	27764
INI25903	Volume_of_grey_matter_in_Crus_II_Cerebellum_(left)	27764
INI25904	Volume_of_grey_matter_in_Vermis_Crus_II_Cerebellum	27764
INI25905	Volume_of_grey_matter_in_Crus_II_Cerebellum_(right)	27764
INI25906	Volume_of_grey_matter_in_VIIb_Cerebellum_(left)	27764
INI25907	Volume_of_grey_matter_in_Vermis_VIIb_Cerebellum	27764
INI25908	Volume_of_grey_matter_in_VIIb_Cerebellum_(right)	27764
INI25909	Volume_of_grey_matter_in_VIIIa_Cerebellum_(left)	27764
INI25910	Volume_of_grey_matter_in_Vermis_VIIIa_Cerebellum	27764
INI25911	Volume_of_grey_matter_in_VIIIa_Cerebellum_(right)	27764
INI25912	Volume_of_grey_matter_in_VIIIb_Cerebellum_(left)	27764
INI25913	Volume_of_grey_matter_in_Vermis_VIIIb_Cerebellum	27764
INI25914	Volume_of_grey_matter_in_VIIIb_Cerebellum_(right)	27764
INI25915	Volume_of_grey_matter_in_IX_Cerebellum_(left)	27764
INI25916	Volume_of_grey_matter_in_Vermis_IX_Cerebellum	27764
INI25917	Volume_of_grey_matter_in_IX_Cerebellum_(right)	27764
INI25918	Volume_of_grey_matter_in_X_Cerebellum_(left)	27764
INI25919	Volume_of_grey_matter_in_Vermis_X_Cerebellum	27764
INI25920	Volume_of_grey_matter_in_X_Cerebellum_(right)	27764
INI2714	Age_when_periods_started_(menarche)	176224
INI2734	Number_of_live_births	180927
INI2744	Birth_weight_of_first_child	145650
INI2794	Age_started_oral_contraceptive_pill	144540
INI2824	Age_at_hysterectomy	34191
INI2867	Age_started_smoking_in_former_smokers	84131
INI2887	Number_of_cigarettes_previously_smoked_daily	79992
INI2897	Age_stopped_smoking	84143
INI2926	Number_of_unsuccessful_stop-smoking_attempts	77184
INI2946	Father's_age	75563
INI2966	Age_high_blood_pressure_diagnosed	85689
INI2976	Age_diabetes_diagnosed	16223
INI30000	White_blood_cell_(leukocyte)_count	327969
INI30010	Red_blood_cell_(erythrocyte)_count	327972
INI30020	Haemoglobin_concentration	327971
INI30030	Haematocrit_percentage	327972
INI30040	Mean_corpuscular_volume	327971
INI30050	Mean_corpuscular_haemoglobin	327968
INI30060	Mean_corpuscular_haemoglobin_concentration	327965
INI30070	Red_blood_cell_(erythrocyte)_distribution_width	327971
INI30080	Platelet_count	327971
INI30090	Platelet_crit	327821
INI30100	Mean_platelet_(thrombocyte)_volume	327967
INI30110	Platelet_distribution_width	327820
INI30120	Lymphocyte_count	327419
INI30130	Monocyte_count	327419
INI30140	Neutrophill_count	327419
INI30150	Eosinophill_count	327419
INI30160	Basophill_count	327419
INI30180	Lymphocyte_percentage	327422
INI30190	Monocyte_percentage	327422
INI30200	Neutrophill_percentage	327422
INI30210	Eosinophill_percentage	327422
INI30220	Basophill_percentage	327422
INI30240	Reticulocyte_percentage	322875
INI30250	Reticulocyte_count	322876
INI30260	Mean_reticulocyte_volume	322876
INI30270	Mean_sphered_cell_volume	322697
INI30280	Immature_reticulocyte_fraction	322697
INI30290	High_light_scatter_reticulocyte_percentage	322697
INI30300	High_light_scatter_reticulocyte_count	322697
INI3062	Forced_vital_capacity_(FVC)	309931
INI3063	Forced_expiratory_volume_in_1-second_(FEV1)	309931
INI3064	Peak_expiratory_flow_(PEF)	309931
INI3146	Speed_of_sound_through_heel	194363
INI3148	Heel_bone_mineral_density_(BMD)	194273
INI3436	Age_started_smoking_in_current_smokers	25194
INI3456	Number_of_cigarettes_currently_smoked_daily_(current_cigarette_smokers)	23356
INI3526	Mother's_age_at_death	207608
INI3536	Age_started_hormone-replacement_therapy_(HRT)	65358
INI3546	Age_last_used_hormone-replacement_therapy_(HRT)	55061
INI3581	Age_at_menopause_(last_menstrual_period)	109678
INI3627	Age_angina_diagnosed	10515
INI3669	Lifetime_number_of_same-sex_sexual_partners	8749
INI3680	Age_when_last_ate_meat	12645
INI3700	Time_since_last_menstrual_period	35559
INI3710	Length_of_menstrual_cycle	30351
INI3761	Age_hay_fever,_rhinitis_or_eczema_diagnosed	69835
INI3786	Age_asthma_diagnosed	35527
INI3829	Number_of_stillbirths	56435
INI3839	Number_of_spontaneous_miscarriages	56299
INI3849	Number_of_pregnancy_terminations	56135
INI3882	Age_at_bilateral_oophorectomy_(both_ovaries_removed)	14840
INI3894	Age_heart_attack_diagnosed	8028
INI3972	Number_of_adopted_brothers	4035
INI3982	Number_of_adopted_sisters	4070
INI40007	Age_at_death	13799
INI40008	Age_at_cancer_diagnosis	62364
INI40009	Reported_occurrences_of_cancer	62364
INI4012	Age_deep-vein_thrombosis_(DVT,_blood_clot_in_leg)_diagnosed	6723
INI4022	Age_pulmonary_embolism_(blood_clot_in_lung)_diagnosed	2860
INI4056	Age_stroke_diagnosed	5391
INI4079	Diastolic_blood_pressure,_automated_reading	319526
INI4080	Systolic_blood_pressure,_automated_reading	319524
INI4100	Ankle_spacing_width_(left)	129197
INI4101	Heel_broadband_ultrasound_attenuation_(left)	129192
INI4103	Speed_of_sound_through_heel_(left)	129197
INI4104	Heel_quantitative_ultrasound_index_(QUI),_direct_entry_(left)	129197
INI4105	Heel_bone_mineral_density_(BMD)_(left)	129119
INI4106	Heel_bone_mineral_density_(BMD)_T-score,_automated_(left)	129197
INI4119	Ankle_spacing_width_(right)	129296
INI4120	Heel_broadband_ultrasound_attenuation_(right)	129290
INI4122	Speed_of_sound_through_heel_(right)	129296
INI4123	Heel_quantitative_ultrasound_index_(QUI),_direct_entry_(right)	129296
INI4124	Heel_bone_mineral_density_(BMD)_(right)	129226
INI4125	Heel_bone_mineral_density_(BMD)_T-score,_automated_(right)	129296
INI4194	Pulse_rate	134555
INI4195	Pulse_wave_reflection_index	134555
INI4196	Pulse_wave_peak_to_peak_time	134490
INI4198	Position_of_the_pulse_wave_peak	134555
INI4199	Position_of_pulse_wave_notch	134555
INI4230	Signal-to-noise-ratio_(SNR)_of_triplet_(left)	136907
INI4233	Mean_signal-to-noise_ratio_(SNR),_(left)	127557
INI4241	Signal-to-noise-ratio_(SNR)_of_triplet_(right)	136880
INI4244	Mean_signal-to-noise_ratio_(SNR),_(right)	127673
INI4282	Maximum_digits_remembered_correctly	56497
INI4407	Average_monthly_red_wine_intake	31889
INI4418	Average_monthly_champagne_plus_white_wine_intake	31865
INI4429	Average_monthly_beer_plus_cider_intake	31955
INI4440	Average_monthly_spirits_intake	31848
INI4451	Average_monthly_fortified_wine_intake	31987
INI4462	Average_monthly_intake_of_other_alcoholic_drinks	32022
INI46	Hand_grip_strength_(left)	335859
INI4609	Longest_period_of_depression	59692
INI4620	Number_of_depression_episodes	54530
INI4689	Age_glaucoma_diagnosed	2559
INI47	Hand_grip_strength_(right)	335888
INI4700	Age_cataract_diagnosed	8963
INI48	Waist_circumference	336599
INI4814	Tinnitus_severity/nuisance	42961
INI49	Hip_circumference	336560
INI50	Standing_height	336442
INI5057	Number_of_older_siblings	120500
INI5078	logMAR_in_round_(left)	84818
INI5079	logMAR_in_round_(right)	84848
INI5084	Spherical_power_(right)	82741
INI5085	Spherical_power_(left)	82473
INI5086	Cylindrical_power_(left)	82480
INI5087	Cylindrical_power_(right)	82748
INI5096	3mm_weak_meridian_(left)	79805
INI5097	6mm_weak_meridian_(left)	69114
INI5098	6mm_weak_meridian_(right)	70052
INI5099	3mm_weak_meridian_(right)	79825
INI5116	3mm_cylindrical_power_(right)	79825
INI5117	6mm_cylindrical_power_(right)	70052
INI5118	6mm_cylindrical_power_(left)	69114
INI5119	3mm_cylindrical_power_(left)	79805
INI5132	3mm_strong_meridian_(right)	79825
INI5133	6mm_strong_meridian_(right)	70052
INI5134	6mm_strong_meridian_(left)	69114
INI5135	3mm_strong_meridian_(left)	79805
INI5156	3mm_asymmetry_index_(left)	78047
INI5157	6mm_asymmetry_index_(left)	42738
INI5158	6mm_asymmetry_index_(right)	43600
INI5159	3mm_asymmetry_index_(right)	78311
INI5160	3mm_regularity_index_(right)	78334
INI5161	6mm_regularity_index_(right)	43662
INI5162	6mm_regularity_index_(left)	42752
INI5163	3mm_regularity_index_(left)	78059
INI5199	logMAR,_initial_(right)	84852
INI5201	logMAR,_final_(right)	84260
INI5206	logMAR,_initial_(left)	84819
INI5208	logMAR,_final_(left)	84236
INI5237	3mm_index_of_best_keratometry_results_(right)	79825
INI5251	6mm_index_of_best_keratometry_results_(right)	70052
INI5254	Intra-ocular_pressure,_corneal-compensated_(right)	81523
INI5255	Intra-ocular_pressure,_Goldmann-correlated_(right)	81523
INI5256	Corneal_hysteresis_(right)	81523
INI5257	Corneal_resistance_factor_(right)	81523
INI5262	Intra-ocular_pressure,_corneal-compensated_(left)	81401
INI5263	Intra-ocular_pressure,_Goldmann-correlated_(left)	81401
INI5264	Corneal_hysteresis_(left)	81401
INI5265	Corneal_resistance_factor_(left)	81401
INI5276	Index_of_best_refractometry_result_(left)	82480
INI5292	3mm_index_of_best_keratometry_results_(left)	79805
INI5306	6mm_index_of_best_keratometry_results_(left)	69114
INI5375	Longest_period_of_unenthusiasm_/_disinterest	37726
INI5386	Number_of_unenthusiastic/disinterested_episodes	35294
INI5901	Age_when_diabetes-related_eye_disease_diagnosed	1172
INI5923	Age_macular_degeneration_diagnosed	1514
INI5945	Age_other_serious_eye_condition_diagnosed	2411
INI6183	Number_of_cigarettes_previously_smoked_daily_(current_cigar/pipe_smokers)	1234
INI6194	Age_stopped_smoking_cigarettes_(current_cigar/pipe_or_previous_cigarette_smoker)	1217
INI767	Length_of_working_week_for_main_job	188855
INI78	Heel_bone_mineral_density_(BMD)_T-score,_automated	194363
INI84	Cancer_year/age_first_occurred	31475
INI87	Non-cancer_illness_year/age_first_occurred	257292
INI874	Duration_of_walks	291637
INI884	Number_of_days/week_of_moderate_physical_activity_10+_minutes	322082
INI894	Duration_of_moderate_activity	256733
INI904	Number_of_days/week_of_vigorous_physical_activity_10+_minutes	322158
INI914	Duration_of_vigorous_activity	190335
QT_FC10001239	Current_tobacco_smoking	336977
QT_FC10001478	Salt_added_to_food	337104
QT_FC10003466	Time_from_waking_to_first_cigarette	23419
QT_FC10003476	Difficulty_not_smoking_for_1_day	23486
QT_FC10003496	Wants_to_stop_smoking	25097
QT_FC10003506	Smoking_compared_to_10_years_previous	25436
QT_FC1001170	Getting_up_in_morning	336777
QT_FC1001180	Morning/evening_person_(chronotype)	304170
QT_FC1001190	Nap_during_day	337017
QT_FC1001200	Sleeplessness_/_insomnia	336923
QT_FC1001220	Daytime_dozing_/_sleeping_(narcolepsy)	336063
QT_FC1001329	Oily_fish_intake	335718
QT_FC1001339	Non-oily_fish_intake	336030
QT_FC1001349	Processed_meat_intake	336688
QT_FC1001359	Poultry_intake	336616
QT_FC1001369	Beef_intake	336079
QT_FC1001379	Lamb/mutton_intake	335428
QT_FC1001389	Pork_intake	335512
QT_FC1001408	Cheese_intake	329749
QT_FC1001558	Alcohol_intake_frequency.	336913
QT_FC1001687	Comparative_body_size_at_age_10	331844
QT_FC1001697	Comparative_height_size_at_age_10	332154
QT_FC1001717	Skin_colour	333202
QT_FC10020018	Prospective_memory_result	139140
QT_FC10020458	General_happiness	109769
QT_FC10020459	General_happiness_with_own_health	110044
QT_FC1002050	Frequency_of_depressed_mood_in_last_2_weeks	324192
QT_FC10020536	Weight_gain_during_worst_episode_of_depression	49391
QT_FC1002060	Frequency_of_unenthusiasm_/_disinterest_in_last_2_weeks	327366
QT_FC1002070	Frequency_of_tenseness_/_restlessness_in_last_2_weeks	325889
QT_FC1002080	Frequency_of_tiredness_/_lethargy_in_last_2_weeks	328062
QT_FC10021050	Degree_bothered_by_menstrual_cramps_or_other_problems_with_period_in_the_last_3_months	20974
QT_FC10021057	Degree_bothered_by_pain/problems_during_intercourse_in_the_last_3_months	79757
QT_FC1002110	Able_to_confide	328235
QT_FC1002178	Overall_health_rating	336026
QT_FC1002296	Falls_in_the_last_year	336589
QT_FC1002306	Weight_change_compared_with_1_year_ago	332169
QT_FC1002375	Relative_age_of_first_facial_hair	151415
QT_FC1002385	Relative_age_voice_broke	145114
QT_FC1002936	Likelihood_of_resuming_smoking	82719
QT_FC1004526	Happiness	132700
QT_FC1004537	Work/job_satisfaction	88998
QT_FC1004548	Health_satisfaction	132721
QT_FC1004559	Family_relationship_satisfaction	131939
QT_FC1004570	Friendships_satisfaction	131765
QT_FC1004581	Financial_situation_satisfaction	132567
QT_FC1004803	Tinnitus_severity	138102
QT_FC1005663	Length_of_longest_manic/irritable_episode	21877
cancer1001	lung_cancer	2585
cancer1002	breast_cancer	12366
cancer1003	skin_cancer	23144
cancer1004	cancer_of_lip/mouth/pharynx/oral_cavity	710
cancer1005	salivary_gland_cancer	126
cancer1006	larynx/throat_cancer	395
cancer1011	tongue_cancer	358
cancer1015	parotid_gland_cancer	137
cancer1017	oesophageal_cancer	849
cancer1018	stomach_cancer	710
cancer1019	small_intestine/small_bowel_cancer	387
cancer1020	large_bowel_cancer/colorectal_cancer	5140
cancer1022	colon_cancer/sigmoid_cancer	3785
cancer1023	rectal_cancer	2421
cancer1024	liver/hepatocellular_cancer	568
cancer1025	gallbladder/bile_duct_cancer	281
cancer1026	pancreas_cancer	808
cancer1030	eye_and/or_adnexal_cancer	235
cancer1032	brain_cancer_/_primary_malignant_brain_tumour	662
cancer1034	kidney/renal_cell_cancer	1293
cancer1035	bladder_cancer	2323
cancer1037	female_genital_tract_cancer	5288
cancer1038	male_genital_tract_cancer	3794
cancer1039	ovarian_cancer	1379
cancer1041	cervical_cancer	2959
cancer1043	vulval_cancer	148
cancer1044	prostate_cancer	7841
cancer1045	testicular_cancer	689
cancer1047	lymphoma	2120
cancer1048	leukaemia	1009
cancer1050	multiple_myeloma	641
cancer1052	hodgkins_lymphoma_/_hodgkins_disease	462
cancer1053	non-hodgkins_lymphoma	1679
cancer1055	chronic_lymphocytic	842
cancer1056	chronic_myeloid	533
cancer1059	malignant_melanoma	4618
cancer1060	non-melanoma_skin_cancer	20707
cancer1063	primary_bone_cancer	233
cancer1064	mesothelioma	236
cancer1065	thyroid_cancer	570
cancer1068	sarcoma/fibrosarcoma	267
cancer1074	acute_myeloid_leukaemia	362
cancer1077	mouth_cancer	215
cancer1084	respiratory_/_intrathoracic_cancer	3032
cancer1085	bone_metastases_/_bony_secondaries	2468
INI20030710	C_reactive_protein_covariate_and_statin_adjusted	318278
INI20030750	Glycated_haemoglobin_(HbA1c)_covariate_and_statin_adjusted	304712
INI20030850	Testosterone_covariate_and_statin_adjusted	289141
INI20030680	Calcium_covariate_and_statin_adjusted	291859
INI20030770	IGF_1_covariate_and_statin_adjusted	317145
INI10030500	Microalbumin_in_urine_covariate_adjusted	95811
INI10030880	Urate_covariate_adjusted	318557
INI20030620	Alanine_aminotransferase_covariate_and_statin_adjusted	318849
INI20030670	Urea_covariate_and_statin_adjusted	318760
INI10030610	Alkaline_phosphatase_covariate_adjusted	318983
INI20030720	Cystatin_C_covariate_and_statin_adjusted	318828
INI20030760	HDL_cholesterol_covariate_and_statin_adjusted	291843
INI20030650	Aspartate_aminotransferase_covariate_and_statin_adjusted	317794
INI10030740	Glucose_covariate_adjusted	291657
INI10030530	Sodium_in_urine_covariate_adjusted	309585
INI10030520	Potassium_in_urine_covariate_adjusted	309559
INI10030840	Total_bilirubin_covariate_adjusted	317638
INI20030810	Phosphate_covariate_and_statin_adjusted	291407
INI20030690	Cholesterol_covariate_and_statin_adjusted	318970
INI40030700	eGFR_covariate_and_statin_adjusted	318805
INI20030830	SHBG_covariate_and_statin_adjusted	289063
INI20030700	Creatinine_covariate_and_statin_adjusted	318805
INI20030630	Apolipoprotein_A_covariate_and_statin_adjusted	290234
INI20030640	Apolipoprotein_B_covariate_and_statin_adjusted	317428
INI20030600	Albumin_covariate_and_statin_adjusted	291968
INI20030660	Direct_bilirubin_covariate_and_statin_adjusted	271425
INI10030510	Creatinine_(enzymatic)_in_urine_covariate_adjusted	310240
INI20030870	Triglycerides_covariate_and_statin_adjusted	318708
INI10030950	Fasting_glucose_covariate_adjusted	10991
INI10030910	Non_albumin_protein_covariate_adjusted	291532
INI20030780	LDL_direct_covariate_and_statin_adjusted	318365
INI20030730	Gamma_glutamyltransferase_covariate_and_statin_adjusted	318813
INI20030890	Vitamin_D_covariate_and_statin_adjusted	304849
INI20030860	Total_protein_covariate_and_statin_adjusted	291643
INI20030790	Lipoprotein_A_covariate_and_statin_adjusted	253599
INI10090004	Discrete_wavelet_transform_signal_magnitude_vector	65755
